Hour,Minute,Day of week,Keystrokes per min,Mouse moves per min,Mouse clicks per min,Productivity of Active Chrome Tabs,Total Minutes of Events Before,Total Minutes of Events After,Total Minutes to Next Event,Spotify,Danceability,Tempo,Energy,Focus,Minutes_Into_Day
7,0,0,146,115,31,0.68,0,480,10,1,0.47,0.64,0.69,0,420
7,5,0,152,113,22,0.54,5,475,50,0,-1.0,-1.0,-1.0,1,425
7,10,0,167,146,28,0.61,10,470,40,0,-1.0,-1.0,-1.0,1,430
7,15,0,97,180,41,0.44,15,465,55,0,-1.0,-1.0,-1.0,1,435
7,20,0,129,122,24,0.57,20,460,25,0,-1.0,-1.0,-1.0,1,440
7,25,0,132,130,29,0.62,25,455,10,0,-1.0,-1.0,-1.0,1,445
7,30,0,159,126,30,0.5,30,450,10,0,-1.0,-1.0,-1.0,1,450
7,35,0,156,125,25,0.7,35,445,60,1,0.46,0.74,0.59,1,455
7,40,0,140,111,19,0.65,40,440,35,0,-1.0,-1.0,-1.0,1,460
7,45,0,123,150,18,0.66,45,435,35,1,0.49,0.65,0.68,0,465
7,50,0,64,197,58,0.31,50,430,10,0,-1.0,-1.0,-1.0,1,470
7,55,0,180,135,21,0.7,55,425,55,1,0.45,0.66,0.63,1,475
8,0,0,190,118,25,0.65,60,420,40,0,-1.0,-1.0,-1.0,1,480
8,5,0,170,99,30,0.58,65,415,50,0,-1.0,-1.0,-1.0,1,485
8,10,0,164,107,22,0.67,70,410,55,0,-1.0,-1.0,-1.0,1,490
8,15,0,141,99,23,0.75,75,405,35,1,0.42,0.66,0.61,0,495
8,20,0,141,138,17,0.65,80,400,15,1,0.46,0.7,0.59,0,500
8,25,0,159,110,26,0.6,85,395,60,0,-1.0,-1.0,-1.0,1,505
8,30,0,193,114,24,0.62,90,390,40,1,0.58,0.64,0.64,0,510
8,35,0,200,133,26,0.68,95,385,40,1,0.54,0.68,0.65,1,515
8,40,0,191,96,20,0.75,100,380,30,1,0.4,0.64,0.58,1,520
8,45,0,63,197,40,0.39,105,375,45,0,-1.0,-1.0,-1.0,1,525
8,50,0,83,202,55,0.45,110,370,15,0,-1.0,-1.0,-1.0,1,530
8,55,0,130,148,32,0.53,115,365,15,1,0.6,0.66,0.73,1,535
9,0,0,202,79,16,0.82,120,360,20,1,0.38,0.52,0.58,1,540
9,5,0,234,89,10,0.75,125,355,35,1,0.35,0.54,0.59,1,545
9,10,0,211,77,16,0.79,130,350,55,1,0.46,0.64,0.59,1,550
9,15,0,203,93,12,0.87,135,345,60,0,-1.0,-1.0,-1.0,1,555
9,20,0,218,79,16,0.84,140,340,5,1,0.43,0.52,0.54,1,560
9,25,0,200,82,10,0.81,145,335,40,1,0.5,0.56,0.49,1,565
9,30,0,222,81,13,0.75,150,330,5,1,0.49,0.52,0.6,0,570
9,35,0,205,94,9,0.78,155,325,20,1,0.38,0.53,0.55,1,575
9,40,0,241,75,10,0.75,160,320,10,1,0.37,0.52,0.56,0,580
9,45,0,219,91,10,0.77,165,315,30,1,0.43,0.56,0.55,1,585
9,50,0,120,169,27,0.57,170,310,45,1,0.6,0.7,0.72,0,590
9,55,0,121,143,30,0.48,175,305,10,1,0.58,0.79,0.72,0,595
10,0,0,138,130,35,0.54,180,300,10,1,0.59,0.76,0.71,0,600
10,5,0,150,137,30,0.47,185,295,50,1,0.56,0.77,0.62,0,605
10,10,0,134,131,30,0.48,190,290,5,1,0.62,0.79,0.67,0,610
10,15,0,132,139,37,0.46,195,285,40,1,0.61,0.68,0.74,0,615
10,20,0,120,159,35,0.53,200,280,40,1,0.68,0.65,0.68,0,620
10,25,0,100,142,37,0.55,205,275,55,0,-1.0,-1.0,-1.0,1,625
10,30,0,118,150,31,0.55,210,270,45,1,0.64,0.74,0.7,0,630
10,35,0,160,165,29,0.62,215,265,35,1,0.6,0.71,0.64,0,635
10,40,0,119,149,40,0.51,220,260,45,1,0.67,0.75,0.7,1,640
10,45,0,150,142,30,0.6,225,255,35,1,0.7,0.78,0.67,0,645
10,50,0,105,169,36,0.54,230,250,45,1,0.62,0.74,0.68,0,650
10,55,0,114,170,39,0.58,235,245,5,1,0.61,0.68,0.63,0,655
11,0,0,183,99,21,0.56,240,240,60,1,0.45,0.55,0.65,1,660
11,5,0,165,112,28,0.67,245,235,35,1,0.54,0.68,0.61,0,665
11,10,0,108,174,40,0.26,250,230,10,0,-1.0,-1.0,-1.0,1,670
11,15,0,143,99,30,0.68,255,225,60,0,-1.0,-1.0,-1.0,0,675
11,20,0,206,123,17,0.73,260,220,30,0,-1.0,-1.0,-1.0,1,680
11,25,0,150,108,19,0.69,265,215,30,1,0.56,0.59,0.64,1,685
11,30,0,199,126,30,0.57,270,210,45,1,0.55,0.67,0.52,1,690
11,35,0,203,111,16,0.67,275,205,40,1,0.5,0.67,0.6,1,695
11,40,0,151,131,16,0.6,280,200,20,1,0.5,0.65,0.54,0,700
11,45,0,55,210,56,0.26,285,195,35,0,-1.0,-1.0,-1.0,1,705
11,50,0,140,143,25,0.55,290,190,40,1,0.68,0.74,0.68,1,710
11,55,0,160,170,29,0.49,295,185,60,1,0.61,0.77,0.63,1,715
12,0,0,101,169,27,0.57,300,180,45,1,0.56,0.8,0.7,1,720
12,5,0,92,204,46,0.42,305,175,5,0,-1.0,-1.0,-1.0,1,725
12,10,0,116,148,26,0.48,310,170,45,1,0.58,0.69,0.73,0,730
12,15,0,130,144,37,0.61,315,165,55,1,0.59,0.74,0.65,0,735
12,20,0,121,133,39,0.6,320,160,15,1,0.56,0.68,0.62,0,740
12,25,0,139,162,29,0.46,325,155,60,1,0.56,0.78,0.68,0,745
12,30,0,114,153,30,0.63,330,150,50,1,0.59,0.72,0.66,1,750
12,35,0,136,164,27,0.51,335,145,55,1,0.7,0.71,0.72,1,755
12,40,0,133,163,29,0.64,340,140,35,0,-1.0,-1.0,-1.0,1,760
12,45,0,129,158,25,0.47,345,135,30,0,-1.0,-1.0,-1.0,1,765
12,50,0,124,152,30,0.5,350,130,45,1,0.7,0.75,0.7,0,770
12,55,0,143,162,39,0.46,355,125,50,1,0.69,0.7,0.72,1,775
13,0,0,67,199,57,0.26,360,120,5,0,-1.0,-1.0,-1.0,1,780
13,5,0,190,127,22,0.69,365,115,5,1,0.48,0.55,0.56,1,785
13,10,0,140,137,22,0.62,370,110,10,1,0.46,0.69,0.63,1,790
13,15,0,151,129,29,0.7,375,105,50,1,0.55,0.56,0.52,1,795
13,20,0,207,109,30,0.73,380,100,55,1,0.51,0.61,0.57,0,800
13,25,0,188,132,19,0.69,385,95,30,1,0.5,0.67,0.54,1,805
13,30,0,207,101,17,0.72,390,90,45,1,0.45,0.67,0.61,0,810
13,35,0,73,207,49,0.28,395,85,35,0,-1.0,-1.0,-1.0,1,815
13,40,0,154,118,24,0.68,400,80,5,1,0.55,0.69,0.6,1,820
13,45,0,147,104,28,0.62,405,75,25,0,-1.0,-1.0,-1.0,1,825
13,50,0,159,163,29,0.56,410,70,60,1,0.65,0.75,0.71,1,830
13,55,0,93,202,50,0.37,415,65,50,0,-1.0,-1.0,-1.0,1,835
14,0,0,236,84,11,0.89,420,60,35,1,0.48,0.6,0.52,1,840
14,5,0,217,79,12,0.9,425,55,25,0,-1.0,-1.0,-1.0,1,845
14,10,0,235,85,13,0.79,430,50,15,1,0.36,0.65,0.57,1,850
14,15,0,244,88,13,0.87,435,45,35,1,0.43,0.61,0.53,1,855
14,20,0,203,95,13,0.87,440,40,10,0,-1.0,-1.0,-1.0,1,860
14,25,0,205,83,12,0.78,445,35,15,1,0.36,0.59,0.56,1,865
14,30,0,223,82,10,0.88,450,30,40,1,0.5,0.6,0.51,1,870
14,35,0,226,82,16,0.89,455,25,40,1,0.41,0.61,0.5,1,875
14,40,0,191,85,11,0.79,460,20,15,0,-1.0,-1.0,-1.0,1,880
14,45,0,201,95,15,0.79,465,15,30,0,-1.0,-1.0,-1.0,1,885
14,50,0,125,166,33,0.58,470,10,10,1,0.63,0.76,0.72,1,890
14,55,0,118,151,28,0.52,475,5,55,1,0.64,0.69,0.63,1,895
9,0,1,234,92,10,0.75,0,480,60,1,0.4,0.63,0.56,1,540
9,5,1,216,89,11,0.82,5,475,5,1,0.39,0.6,0.57,0,545
9,10,1,227,94,15,0.82,10,470,10,0,-1.0,-1.0,-1.0,1,550
9,15,1,226,95,10,0.86,15,465,10,1,0.47,0.57,0.52,0,555
9,20,1,228,86,14,0.76,20,460,40,1,0.42,0.59,0.59,1,560
9,25,1,194,77,11,0.78,25,455,55,1,0.37,0.52,0.47,0,565
9,30,1,229,81,15,0.87,30,450,30,1,0.45,0.53,0.49,1,570
9,35,1,200,87,16,0.84,35,445,30,1,0.43,0.56,0.51,1,575
9,40,1,213,95,16,0.85,40,440,15,0,-1.0,-1.0,-1.0,1,580
9,45,1,234,88,14,0.87,45,435,45,1,0.5,0.57,0.56,1,585
9,50,1,117,137,25,0.56,50,430,60,1,0.59,0.74,0.71,0,590
9,55,1,149,132,31,0.46,55,425,55,1,0.68,0.74,0.62,0,595
10,0,1,133,154,31,0.59,60,420,60,0,-1.0,-1.0,-1.0,1,600
10,5,1,133,161,28,0.46,65,415,30,1,0.55,0.73,0.75,0,605
10,10,1,133,149,25,0.58,70,410,45,1,0.59,0.8,0.64,0,610
10,15,1,106,161,35,0.5,75,405,40,1,0.56,0.79,0.65,0,615
10,20,1,156,169,39,0.53,80,400,35,0,-1.0,-1.0,-1.0,1,620
10,25,1,111,144,35,0.55,85,395,25,1,0.62,0.79,0.69,0,625
10,30,1,120,140,25,0.61,90,390,25,1,0.59,0.72,0.71,0,630
10,35,1,114,156,28,0.53,95,385,25,1,0.58,0.7,0.66,1,635
10,40,1,143,167,36,0.5,100,380,55,1,0.62,0.71,0.66,0,640
10,45,1,115,144,38,0.64,105,375,20,1,0.57,0.66,0.71,0,645
10,50,1,154,166,27,0.47,110,370,30,1,0.64,0.67,0.66,0,650
10,55,1,146,147,30,0.59,115,365,5,1,0.64,0.76,0.71,0,655
11,0,1,206,122,24,0.74,120,360,10,1,0.4,0.66,0.64,0,660
11,5,1,195,134,25,0.66,125,355,10,0,-1.0,-1.0,-1.0,1,665
11,10,1,140,113,29,0.66,130,350,45,1,0.41,0.59,0.65,1,670
11,15,1,142,103,27,0.68,135,345,45,0,-1.0,-1.0,-1.0,1,675
11,20,1,146,113,25,0.6,140,340,50,1,0.45,0.62,0.64,0,680
11,25,1,208,95,22,0.68,145,335,10,1,0.47,0.65,0.6,0,685
11,30,1,69,191,42,0.37,150,330,20,0,-1.0,-1.0,-1.0,1,690
11,35,1,190,138,30,0.75,155,325,30,1,0.5,0.61,0.63,1,695
11,40,1,148,114,19,0.58,160,320,45,0,-1.0,-1.0,-1.0,1,700
11,45,1,149,126,29,0.66,165,315,20,0,-1.0,-1.0,-1.0,1,705
11,50,1,132,133,26,0.62,170,310,25,1,0.58,0.7,0.65,0,710
11,55,1,122,133,40,0.48,175,305,60,1,0.63,0.7,0.71,0,715
12,0,1,73,180,45,0.38,180,300,40,0,-1.0,-1.0,-1.0,1,720
12,5,1,75,178,53,0.37,185,295,40,0,-1.0,-1.0,-1.0,1,725
12,10,1,105,193,45,0.37,190,290,30,0,-1.0,-1.0,-1.0,1,730
12,15,1,108,139,31,0.6,195,285,50,1,0.6,0.72,0.69,0,735
12,20,1,144,140,39,0.48,200,280,50,1,0.67,0.78,0.66,0,740
12,25,1,99,180,55,0.32,205,275,40,0,-1.0,-1.0,-1.0,1,745
12,30,1,111,165,36,0.48,210,270,50,1,0.59,0.73,0.67,0,750
12,35,1,111,144,31,0.52,215,265,5,1,0.69,0.7,0.67,0,755
12,40,1,107,157,28,0.57,220,260,5,0,-1.0,-1.0,-1.0,1,760
12,45,1,107,157,40,0.54,225,255,25,1,0.56,0.73,0.66,0,765
12,50,1,123,139,28,0.45,230,250,25,1,0.67,0.79,0.69,0,770
12,55,1,153,156,30,0.49,235,245,40,1,0.62,0.76,0.72,0,775
13,0,1,199,122,25,0.64,240,240,55,1,0.44,0.56,0.63,1,780
13,5,1,181,100,24,0.69,245,235,50,0,-1.0,-1.0,-1.0,1,785
13,10,1,207,130,30,0.56,250,230,50,0,-1.0,-1.0,-1.0,1,790
13,15,1,195,127,16,0.71,255,225,25,0,-1.0,-1.0,-1.0,1,795
13,20,1,142,104,21,0.67,260,220,60,1,0.43,0.68,0.63,1,800
13,25,1,176,130,17,0.67,265,215,5,1,0.46,0.69,0.65,0,805
13,30,1,196,100,24,0.63,270,210,5,1,0.51,0.59,0.55,0,810
13,35,1,180,121,29,0.61,275,205,60,1,0.43,0.55,0.51,1,815
13,40,1,146,99,28,0.7,280,200,20,1,0.44,0.69,0.62,0,820
13,45,1,207,104,26,0.68,285,195,15,1,0.45,0.62,0.58,1,825
13,50,1,131,148,27,0.64,290,190,55,1,0.7,0.68,0.74,1,830
13,55,1,149,150,27,0.46,295,185,15,1,0.59,0.69,0.7,0,835
14,0,1,241,81,14,0.78,300,180,10,0,-1.0,-1.0,-1.0,1,840
14,5,1,199,81,16,0.87,305,175,50,0,-1.0,-1.0,-1.0,1,845
14,10,1,221,88,9,0.81,310,170,50,1,0.44,0.61,0.52,1,850
14,15,1,224,79,13,0.79,315,165,5,1,0.47,0.64,0.49,1,855
14,20,1,214,93,9,0.9,320,160,20,0,-1.0,-1.0,-1.0,1,860
14,25,1,223,91,16,0.89,325,155,50,1,0.36,0.6,0.5,1,865
14,30,1,241,93,15,0.79,330,150,20,1,0.46,0.58,0.56,1,870
14,35,1,195,90,14,0.83,335,145,15,1,0.43,0.52,0.51,0,875
14,40,1,218,77,12,0.79,340,140,55,1,0.36,0.63,0.47,1,880
14,45,1,234,90,16,0.89,345,135,30,1,0.43,0.61,0.6,1,885
14,50,1,110,136,38,0.55,350,130,15,0,-1.0,-1.0,-1.0,1,890
14,55,1,147,170,31,0.57,355,125,10,1,0.56,0.75,0.68,0,895
15,0,1,105,154,39,0.5,360,120,15,1,0.57,0.76,0.7,1,900
15,5,1,144,155,38,0.63,365,115,10,1,0.64,0.78,0.65,0,905
15,10,1,123,169,38,0.6,370,110,40,0,-1.0,-1.0,-1.0,1,910
15,15,1,110,151,39,0.57,375,105,50,1,0.58,0.73,0.69,1,915
15,20,1,121,130,38,0.65,380,100,60,1,0.66,0.8,0.71,1,920
15,25,1,160,130,31,0.58,385,95,5,1,0.59,0.66,0.7,0,925
15,30,1,116,162,37,0.53,390,90,45,1,0.59,0.72,0.64,1,930
15,35,1,151,146,30,0.65,395,85,30,0,-1.0,-1.0,-1.0,0,935
15,40,1,149,160,25,0.55,400,80,15,1,0.65,0.69,0.73,0,940
15,45,1,130,151,32,0.56,405,75,10,1,0.59,0.77,0.68,0,945
15,50,1,117,167,27,0.49,410,70,5,0,-1.0,-1.0,-1.0,1,950
15,55,1,125,146,31,0.48,415,65,25,1,0.68,0.66,0.74,0,955
16,0,1,148,100,21,0.77,420,60,60,0,-1.0,-1.0,-1.0,1,960
16,5,1,206,129,20,0.76,425,55,10,1,0.53,0.61,0.57,1,965
16,10,1,153,107,21,0.72,430,50,15,1,0.53,0.68,0.63,1,970
16,15,1,75,198,46,0.39,435,45,10,0,-1.0,-1.0,-1.0,1,975
16,20,1,143,113,29,0.71,440,40,55,1,0.52,0.6,0.58,1,980
16,25,1,164,122,21,0.56,445,35,20,1,0.52,0.59,0.55,1,985
16,30,1,165,107,22,0.75,450,30,35,1,0.56,0.56,0.6,1,990
16,35,1,165,106,17,0.62,455,25,20,1,0.47,0.6,0.62,1,995
16,40,1,147,105,19,0.71,460,20,45,1,0.5,0.62,0.64,1,1000
16,45,1,78,172,50,0.37,465,15,35,0,-1.0,-1.0,-1.0,1,1005
16,50,1,151,170,40,0.49,470,10,35,0,-1.0,-1.0,-1.0,1,1010
16,55,1,118,136,34,0.54,475,5,15,0,-1.0,-1.0,-1.0,1,1015
10,0,2,147,151,28,0.49,0,480,10,1,0.6,0.7,0.73,1,600
10,5,2,149,133,28,0.63,5,475,55,1,0.65,0.66,0.67,0,605
10,10,2,149,149,28,0.49,10,470,50,0,-1.0,-1.0,-1.0,1,610
10,15,2,136,135,38,0.53,15,465,55,1,0.56,0.74,0.64,0,615
10,20,2,158,150,26,0.65,20,460,25,1,0.65,0.68,0.7,1,620
10,25,2,113,159,34,0.54,25,455,40,1,0.57,0.71,0.75,0,625
10,30,2,122,151,28,0.53,30,450,25,0,-1.0,-1.0,-1.0,1,630
10,35,2,116,152,32,0.52,35,445,25,1,0.66,0.78,0.63,0,635
10,40,2,136,147,34,0.62,40,440,35,1,0.57,0.66,0.63,0,640
10,45,2,116,154,26,0.57,45,435,35,1,0.65,0.66,0.64,0,645
10,50,2,153,160,25,0.53,50,430,10,1,0.67,0.67,0.7,0,650
10,55,2,126,163,36,0.55,55,425,30,1,0.66,0.67,0.68,0,655
11,0,2,200,108,16,0.62,60,420,20,1,0.42,0.59,0.63,0,660
11,5,2,187,102,16,0.68,65,415,25,0,-1.0,-1.0,-1.0,1,665
11,10,2,140,122,28,0.78,70,410,25,0,-1.0,-1.0,-1.0,1,670
11,15,2,156,132,23,0.65,75,405,50,1,0.56,0.69,0.52,0,675
11,20,2,181,122,27,0.61,80,400,10,1,0.42,0.69,0.58,1,680
11,25,2,185,119,28,0.76,85,395,45,1,0.5,0.57,0.61,1,685
11,30,2,164,96,30,0.77,90,390,10,0,-1.0,-1.0,-1.0,0,690
11,35,2,152,132,28,0.65,95,385,30,0,-1.0,-1.0,-1.0,1,695
11,40,2,142,115,21,0.69,100,380,5,1,0.58,0.58,0.57,0,700
11,45,2,178,121,17,0.56,105,375,55,0,-1.0,-1.0,-1.0,1,705
11,50,2,146,131,36,0.63,110,370,20,1,0.68,0.71,0.65,0,710
11,55,2,129,146,30,0.59,115,365,55,1,0.57,0.78,0.71,0,715
12,0,2,110,151,34,0.62,120,360,55,0,-1.0,-1.0,-1.0,1,720
12,5,2,75,204,47,0.3,125,355,30,0,-1.0,-1.0,-1.0,1,725
12,10,2,82,194,49,0.3,130,350,35,0,-1.0,-1.0,-1.0,1,730
12,15,2,153,148,37,0.62,135,345,5,1,0.62,0.76,0.73,0,735
12,20,2,102,145,33,0.53,140,340,20,1,0.61,0.68,0.74,1,740
12,25,2,106,154,36,0.65,145,335,30,0,-1.0,-1.0,-1.0,0,745
12,30,2,110,146,36,0.61,150,330,10,1,0.65,0.73,0.63,0,750
12,35,2,89,180,51,0.36,155,325,50,0,-1.0,-1.0,-1.0,1,755
12,40,2,135,156,35,0.53,160,320,25,0,-1.0,-1.0,-1.0,1,760
12,45,2,147,135,25,0.63,165,315,20,0,-1.0,-1.0,-1.0,1,765
12,50,2,125,162,28,0.57,170,310,5,1,0.56,0.66,0.69,0,770
12,55,2,102,167,39,0.59,175,305,60,0,-1.0,-1.0,-1.0,1,775
13,0,2,192,137,17,0.74,180,300,55,1,0.42,0.69,0.54,1,780
13,5,2,197,133,17,0.76,185,295,15,0,-1.0,-1.0,-1.0,1,785
13,10,2,177,115,26,0.6,190,290,25,1,0.48,0.69,0.57,0,790
13,15,2,143,103,26,0.56,195,285,10,1,0.5,0.7,0.63,0,795
13,20,2,88,170,42,0.41,200,280,45,0,-1.0,-1.0,-1.0,1,800
13,25,2,194,138,18,0.64,205,275,10,1,0.45,0.58,0.5,0,805
13,30,2,198,127,17,0.75,210,270,50,1,0.44,0.62,0.53,1,810
13,35,2,144,110,21,0.61,215,265,35,0,-1.0,-1.0,-1.0,1,815
13,40,2,175,107,19,0.65,220,260,30,0,-1.0,-1.0,-1.0,1,820
13,45,2,210,121,16,0.58,225,255,45,0,-1.0,-1.0,-1.0,1,825
13,50,2,139,146,29,0.52,230,250,45,1,0.68,0.69,0.72,0,830
13,55,2,129,153,25,0.64,235,245,55,1,0.61,0.75,0.71,1,835
14,0,2,209,80,12,0.84,240,240,40,1,0.44,0.53,0.52,0,840
14,5,2,229,87,10,0.82,245,235,55,1,0.35,0.64,0.47,1,845
14,10,2,239,93,16,0.77,250,230,25,0,-1.0,-1.0,-1.0,1,850
14,15,2,191,94,13,0.8,255,225,50,1,0.44,0.52,0.51,1,855
14,20,2,226,95,15,0.89,260,220,30,0,-1.0,-1.0,-1.0,0,860
14,25,2,235,79,13,0.85,265,215,10,1,0.49,0.63,0.59,1,865
14,30,2,234,81,13,0.84,270,210,45,0,-1.0,-1.0,-1.0,1,870
14,35,2,204,80,15,0.79,275,205,15,1,0.36,0.64,0.55,0,875
14,40,2,213,86,13,0.76,280,200,10,1,0.44,0.65,0.47,1,880
14,45,2,235,75,15,0.83,285,195,35,0,-1.0,-1.0,-1.0,1,885
14,50,2,151,156,33,0.6,290,190,45,1,0.65,0.77,0.71,0,890
14,55,2,138,166,30,0.54,295,185,30,1,0.62,0.73,0.72,0,895
15,0,2,105,156,33,0.54,300,180,50,0,-1.0,-1.0,-1.0,1,900
15,5,2,156,137,28,0.47,305,175,5,1,0.61,0.7,0.71,0,905
15,10,2,142,130,36,0.5,310,170,15,1,0.58,0.67,0.72,1,910
15,15,2,112,152,25,0.5,315,165,25,0,-1.0,-1.0,-1.0,1,915
15,20,2,124,137,34,0.52,320,160,60,1,0.69,0.74,0.74,0,920
15,25,2,125,158,40,0.63,325,155,15,1,0.69,0.71,0.62,0,925
15,30,2,145,156,40,0.51,330,150,5,1,0.6,0.79,0.74,0,930
15,35,2,155,154,33,0.5,335,145,25,1,0.65,0.78,0.67,0,935
15,40,2,153,151,28,0.47,340,140,10,1,0.59,0.77,0.72,0,940
15,45,2,106,155,39,0.58,345,135,40,1,0.68,0.79,0.72,1,945
15,50,2,149,167,36,0.54,350,130,15,1,0.57,0.72,0.69,0,950
15,55,2,115,169,28,0.6,355,125,5,1,0.62,0.71,0.64,0,955
16,0,2,199,128,27,0.61,360,120,55,1,0.5,0.66,0.51,1,960
16,5,2,210,118,17,0.65,365,115,60,0,-1.0,-1.0,-1.0,1,965
16,10,2,183,123,19,0.67,370,110,5,1,0.56,0.56,0.52,0,970
16,15,2,180,113,30,0.75,375,105,30,0,-1.0,-1.0,-1.0,1,975
16,20,2,141,104,25,0.58,380,100,40,1,0.56,0.59,0.51,1,980
16,25,2,153,109,17,0.74,385,95,55,1,0.53,0.56,0.6,1,985
16,30,2,152,107,29,0.68,390,90,45,0,-1.0,-1.0,-1.0,0,990
16,35,2,79,195,55,0.45,395,85,60,0,-1.0,-1.0,-1.0,1,995
16,40,2,200,122,30,0.65,400,80,60,1,0.41,0.57,0.62,1,1000
16,45,2,199,101,18,0.76,405,75,35,0,-1.0,-1.0,-1.0,1,1005
16,50,2,113,154,29,0.49,410,70,5,1,0.65,0.73,0.75,0,1010
16,55,2,148,141,38,0.62,415,65,15,1,0.69,0.68,0.62,0,1015
17,0,2,109,141,40,0.5,420,60,30,1,0.64,0.7,0.64,0,1020
17,5,2,144,162,36,0.55,425,55,30,0,-1.0,-1.0,-1.0,0,1025
17,10,2,111,143,33,0.56,430,50,55,1,0.66,0.74,0.69,1,1030
17,15,2,118,146,33,0.5,435,45,10,1,0.61,0.72,0.7,0,1035
17,20,2,70,182,40,0.26,440,40,40,0,-1.0,-1.0,-1.0,1,1040
17,25,2,150,155,33,0.58,445,35,40,0,-1.0,-1.0,-1.0,1,1045
17,30,2,109,143,34,0.49,450,30,20,1,0.63,0.67,0.66,0,1050
17,35,2,142,150,37,0.6,455,25,40,1,0.62,0.72,0.69,1,1055
17,40,2,77,210,56,0.43,460,20,5,0,-1.0,-1.0,-1.0,1,1060
17,45,2,120,166,32,0.61,465,15,35,1,0.65,0.7,0.64,1,1065
17,50,2,124,139,30,0.53,470,10,55,1,0.69,0.74,0.68,0,1070
17,55,2,138,132,31,0.61,475,5,20,0,-1.0,-1.0,-1.0,1,1075
8,0,3,203,100,29,0.6,0,540,20,1,0.58,0.61,0.63,0,480
8,5,3,205,137,24,0.61,5,535,50,0,-1.0,-1.0,-1.0,1,485
8,10,3,172,124,26,0.65,10,530,20,1,0.46,0.59,0.55,0,490
8,15,3,164,131,20,0.61,15,525,50,0,-1.0,-1.0,-1.0,1,495
8,20,3,207,118,22,0.71,20,520,25,0,-1.0,-1.0,-1.0,1,500
8,25,3,143,104,22,0.56,25,515,50,1,0.51,0.68,0.51,0,505
8,30,3,144,132,24,0.75,30,510,50,1,0.43,0.7,0.62,1,510
8,35,3,176,136,26,0.57,35,505,25,0,-1.0,-1.0,-1.0,1,515
8,40,3,157,121,16,0.63,40,500,30,1,0.51,0.66,0.61,0,520
8,45,3,157,138,28,0.64,45,495,40,0,-1.0,-1.0,-1.0,1,525
8,50,3,143,167,31,0.55,50,490,10,0,-1.0,-1.0,-1.0,1,530
8,55,3,156,140,29,0.54,55,485,30,1,0.57,0.75,0.63,0,535
9,0,3,230,78,13,0.81,60,480,15,0,-1.0,-1.0,-1.0,1,540
9,5,3,237,77,10,0.9,65,475,10,0,-1.0,-1.0,-1.0,1,545
9,10,3,196,94,14,0.77,70,470,5,1,0.46,0.59,0.49,0,550
9,15,3,225,76,10,0.88,75,465,35,1,0.35,0.58,0.57,1,555
9,20,3,201,88,14,0.81,80,460,60,0,-1.0,-1.0,-1.0,1,560
9,25,3,231,86,9,0.76,85,455,40,1,0.44,0.65,0.6,1,565
9,30,3,226,94,16,0.89,90,450,5,0,-1.0,-1.0,-1.0,1,570
9,35,3,222,85,16,0.76,95,445,55,1,0.49,0.64,0.55,1,575
9,40,3,240,78,9,0.89,100,440,40,1,0.45,0.6,0.51,1,580
9,45,3,204,75,16,0.84,105,435,50,0,-1.0,-1.0,-1.0,0,585
9,50,3,101,133,36,0.54,110,430,20,1,0.58,0.79,0.7,0,590
9,55,3,141,170,25,0.54,115,425,50,1,0.69,0.75,0.65,0,595
10,0,3,127,133,38,0.46,120,420,60,1,0.6,0.77,0.67,1,600
10,5,3,130,166,39,0.6,125,415,30,1,0.61,0.71,0.73,0,605
10,10,3,147,168,32,0.47,130,410,55,0,-1.0,-1.0,-1.0,1,610
10,15,3,139,133,37,0.61,135,405,35,1,0.65,0.75,0.64,0,615
10,20,3,104,135,30,0.58,140,400,25,1,0.68,0.67,0.73,1,620
10,25,3,135,136,38,0.48,145,395,15,1,0.55,0.69,0.72,0,625
10,30,3,120,149,31,0.6,150,390,20,1,0.65,0.76,0.71,0,630
10,35,3,126,140,31,0.46,155,385,25,0,-1.0,-1.0,-1.0,1,635
10,40,3,126,148,33,0.53,160,380,20,1,0.6,0.67,0.69,0,640
10,45,3,104,138,33,0.6,165,375,20,0,-1.0,-1.0,-1.0,1,645
10,50,3,132,161,29,0.56,170,370,40,1,0.58,0.75,0.73,0,650
10,55,3,150,143,26,0.54,175,365,50,1,0.66,0.77,0.74,0,655
11,0,3,69,177,52,0.4,180,360,55,0,-1.0,-1.0,-1.0,1,660
11,5,3,206,140,21,0.67,185,355,55,1,0.41,0.58,0.53,1,665
11,10,3,198,131,25,0.6,190,350,10,1,0.43,0.62,0.63,0,670
11,15,3,195,97,25,0.71,195,345,40,1,0.51,0.56,0.56,1,675
11,20,3,208,119,26,0.77,200,340,40,0,-1.0,-1.0,-1.0,1,680
11,25,3,162,137,18,0.64,205,335,30,1,0.41,0.64,0.5,1,685
11,30,3,150,140,20,0.65,210,330,25,1,0.41,0.65,0.52,1,690
11,35,3,186,102,17,0.62,215,325,15,1,0.57,0.61,0.63,0,695
11,40,3,204,135,25,0.77,220,320,55,0,-1.0,-1.0,-1.0,1,700
11,45,3,180,101,16,0.72,225,315,40,1,0.43,0.55,0.54,1,705
11,50,3,145,155,36,0.58,230,310,25,0,-1.0,-1.0,-1.0,1,710
11,55,3,129,143,36,0.48,235,305,55,0,-1.0,-1.0,-1.0,1,715
12,0,3,132,133,26,0.57,240,300,10,1,0.61,0.76,0.64,0,720
12,5,3,129,140,26,0.64,245,295,25,1,0.56,0.73,0.69,0,725
12,10,3,110,145,38,0.46,250,290,20,1,0.62,0.74,0.67,0,730
12,15,3,146,142,25,0.54,255,285,30,1,0.68,0.77,0.7,1,735
12,20,3,93,201,41,0.35,260,280,20,0,-1.0,-1.0,-1.0,1,740
12,25,3,90,189,58,0.32,265,275,35,0,-1.0,-1.0,-1.0,1,745
12,30,3,137,135,34,0.46,270,270,40,0,-1.0,-1.0,-1.0,0,750
12,35,3,110,159,31,0.51,275,265,35,0,-1.0,-1.0,-1.0,1,755
12,40,3,152,141,34,0.57,280,260,15,0,-1.0,-1.0,-1.0,1,760
12,45,3,108,134,28,0.48,285,255,25,0,-1.0,-1.0,-1.0,1,765
12,50,3,119,155,33,0.48,290,250,45,1,0.59,0.65,0.71,0,770
12,55,3,78,210,52,0.27,295,245,40,0,-1.0,-1.0,-1.0,1,775
13,0,3,205,118,23,0.7,300,240,20,1,0.47,0.68,0.61,1,780
13,5,3,155,131,21,0.65,305,235,30,0,-1.0,-1.0,-1.0,1,785
13,10,3,177,115,24,0.6,310,230,60,0,-1.0,-1.0,-1.0,1,790
13,15,3,189,132,20,0.75,315,225,40,1,0.59,0.68,0.58,1,795
13,20,3,108,208,51,0.31,320,220,25,0,-1.0,-1.0,-1.0,0,800
13,25,3,87,182,41,0.42,325,215,25,0,-1.0,-1.0,-1.0,0,805
13,30,3,173,128,25,0.63,330,210,50,1,0.44,0.63,0.57,1,810
13,35,3,159,139,25,0.55,335,205,50,1,0.56,0.69,0.6,1,815
13,40,3,199,120,18,0.64,340,200,15,1,0.51,0.56,0.51,1,820
13,45,3,159,96,20,0.69,345,195,50,1,0.43,0.66,0.54,1,825
13,50,3,148,161,34,0.58,350,190,5,1,0.57,0.77,0.74,0,830
13,55,3,128,158,31,0.5,355,185,20,1,0.65,0.7,0.67,0,835
14,0,3,210,84,9,0.75,360,180,45,1,0.47,0.63,0.52,1,840
14,5,3,243,78,11,0.82,365,175,10,1,0.37,0.57,0.53,1,845
14,10,3,240,80,16,0.81,370,170,30,0,-1.0,-1.0,-1.0,1,850
14,15,3,236,91,15,0.84,375,165,55,0,-1.0,-1.0,-1.0,1,855
14,20,3,241,86,14,0.79,380,160,35,1,0.41,0.5,0.47,1,860
14,25,3,209,79,14,0.81,385,155,40,1,0.46,0.65,0.54,0,865
14,30,3,240,84,14,0.89,390,150,45,0,-1.0,-1.0,-1.0,1,870
14,35,3,194,95,12,0.78,395,145,15,0,-1.0,-1.0,-1.0,0,875
14,40,3,205,91,10,0.89,400,140,20,1,0.38,0.6,0.56,1,880
14,45,3,240,85,10,0.78,405,135,35,1,0.49,0.52,0.47,1,885
14,50,3,107,169,32,0.65,410,130,5,1,0.61,0.71,0.64,0,890
14,55,3,157,146,40,0.49,415,125,5,1,0.57,0.7,0.68,0,895
15,0,3,127,148,30,0.54,420,120,10,1,0.55,0.7,0.65,0,900
15,5,3,106,144,40,0.64,425,115,20,0,-1.0,-1.0,-1.0,1,905
15,10,3,110,162,40,0.63,430,110,60,1,0.57,0.75,0.75,0,910
15,15,3,107,141,30,0.5,435,105,50,1,0.68,0.77,0.67,1,915
15,20,3,148,167,40,0.65,440,100,15,0,-1.0,-1.0,-1.0,1,920
15,25,3,141,169,35,0.51,445,95,30,0,-1.0,-1.0,-1.0,1,925
15,30,3,135,159,26,0.55,450,90,20,1,0.67,0.68,0.71,0,930
15,35,3,124,152,28,0.48,455,85,25,1,0.58,0.67,0.71,0,935
15,40,3,158,152,37,0.5,460,80,5,1,0.55,0.7,0.7,1,940
15,45,3,119,161,33,0.47,465,75,10,1,0.69,0.72,0.66,0,945
15,50,3,141,143,35,0.6,470,70,50,1,0.56,0.76,0.7,0,950
15,55,3,105,152,31,0.52,475,65,35,1,0.68,0.8,0.72,0,955
16,0,3,203,110,23,0.57,480,60,30,0,-1.0,-1.0,-1.0,1,960
16,5,3,179,109,20,0.69,485,55,5,0,-1.0,-1.0,-1.0,1,965
16,10,3,209,101,18,0.75,490,50,50,1,0.49,0.6,0.61,1,970
16,15,3,197,99,27,0.58,495,45,50,1,0.41,0.59,0.62,1,975
16,20,3,175,108,17,0.71,500,40,40,1,0.48,0.65,0.57,1,980
16,25,3,185,137,30,0.68,505,35,55,1,0.49,0.7,0.56,1,985
16,30,3,147,140,22,0.56,510,30,55,1,0.51,0.69,0.59,1,990
16,35,3,81,180,53,0.29,515,25,45,0,-1.0,-1.0,-1.0,1,995
16,40,3,141,97,23,0.63,520,20,45,0,-1.0,-1.0,-1.0,1,1000
16,45,3,166,104,16,0.63,525,15,5,1,0.41,0.59,0.58,1,1005
16,50,3,147,144,31,0.47,530,10,10,0,-1.0,-1.0,-1.0,1,1010
16,55,3,114,150,38,0.61,535,5,10,1,0.64,0.66,0.73,1,1015
6,0,4,133,130,19,0.58,0,480,25,1,0.58,0.68,0.67,0,360
6,5,4,160,114,32,0.59,5,475,5,0,-1.0,-1.0,-1.0,1,365
6,10,4,100,192,42,0.28,10,470,55,0,-1.0,-1.0,-1.0,1,370
6,15,4,140,146,23,0.69,15,465,55,0,-1.0,-1.0,-1.0,1,375
6,20,4,156,134,21,0.56,20,460,35,1,0.51,0.61,0.7,0,380
6,25,4,131,146,22,0.52,25,455,20,0,-1.0,-1.0,-1.0,1,385
6,30,4,160,129,21,0.62,30,450,25,0,-1.0,-1.0,-1.0,1,390
6,35,4,134,148,28,0.69,35,445,10,1,0.48,0.72,0.57,0,395
6,40,4,175,125,22,0.66,40,440,55,0,-1.0,-1.0,-1.0,1,400
6,45,4,164,140,19,0.62,45,435,60,1,0.62,0.73,0.61,0,405
6,50,4,126,112,26,0.6,50,430,25,1,0.58,0.61,0.67,0,410
6,55,4,133,146,28,0.68,55,425,50,1,0.52,0.68,0.64,1,415
7,0,4,159,140,27,0.61,60,420,50,0,-1.0,-1.0,-1.0,1,420
7,5,4,150,149,31,0.58,65,415,35,0,-1.0,-1.0,-1.0,1,425
7,10,4,175,149,27,0.66,70,410,20,1,0.54,0.62,0.56,0,430
7,15,4,150,148,28,0.52,75,405,10,1,0.63,0.66,0.67,1,435
7,20,4,143,144,20,0.53,80,400,50,1,0.46,0.69,0.56,1,440
7,25,4,165,147,23,0.59,85,395,15,0,-1.0,-1.0,-1.0,1,445
7,30,4,127,126,27,0.69,90,390,5,1,0.48,0.64,0.59,0,450
7,35,4,176,126,26,0.67,95,385,25,1,0.5,0.73,0.56,0,455
7,40,4,59,196,54,0.33,100,380,50,0,-1.0,-1.0,-1.0,1,460
7,45,4,156,138,26,0.61,105,375,30,1,0.55,0.71,0.68,0,465
7,50,4,150,111,23,0.69,110,370,20,0,-1.0,-1.0,-1.0,1,470
7,55,4,167,115,31,0.51,115,365,40,0,-1.0,-1.0,-1.0,1,475
8,0,4,199,118,19,0.76,120,360,45,1,0.47,0.6,0.58,1,480
8,5,4,156,132,16,0.66,125,355,20,1,0.47,0.67,0.54,0,485
8,10,4,143,116,24,0.75,130,350,20,1,0.44,0.57,0.62,1,490
8,15,4,174,100,19,0.7,135,345,45,1,0.5,0.59,0.54,1,495
8,20,4,166,140,30,0.76,140,340,55,1,0.49,0.69,0.56,1,500
8,25,4,146,110,25,0.68,145,335,15,1,0.46,0.69,0.56,0,505
8,30,4,156,112,21,0.65,150,330,10,1,0.46,0.61,0.55,0,510
8,35,4,154,107,29,0.65,155,325,10,1,0.56,0.66,0.6,0,515
8,40,4,195,111,21,0.69,160,320,15,0,-1.0,-1.0,-1.0,1,520
8,45,4,165,104,16,0.71,165,315,45,0,-1.0,-1.0,-1.0,0,525
8,50,4,141,130,36,0.48,170,310,40,1,0.69,0.67,0.7,1,530
8,55,4,151,141,34,0.58,175,305,5,1,0.63,0.72,0.72,0,535
9,0,4,220,82,16,0.84,180,300,50,1,0.49,0.6,0.59,0,540
9,5,4,190,87,12,0.76,185,295,40,0,-1.0,-1.0,-1.0,1,545
9,10,4,207,88,14,0.83,190,290,25,0,-1.0,-1.0,-1.0,1,550
9,15,4,223,81,11,0.88,195,285,25,0,-1.0,-1.0,-1.0,1,555
9,20,4,190,92,16,0.84,200,280,60,1,0.37,0.58,0.5,1,560
9,25,4,190,90,12,0.78,205,275,10,1,0.42,0.64,0.46,1,565
9,30,4,203,95,14,0.75,210,270,50,0,-1.0,-1.0,-1.0,0,570
9,35,4,202,83,9,0.77,215,265,60,1,0.36,0.53,0.55,1,575
9,40,4,225,93,13,0.79,220,260,10,0,-1.0,-1.0,-1.0,1,580
9,45,4,210,89,12,0.76,225,255,25,1,0.39,0.63,0.54,1,585
9,50,4,123,152,40,0.59,230,250,55,1,0.59,0.74,0.7,1,590
9,55,4,138,167,29,0.52,235,245,35,0,-1.0,-1.0,-1.0,1,595
10,0,4,160,152,35,0.49,240,240,30,1,0.7,0.75,0.71,0,600
10,5,4,113,145,31,0.6,245,235,40,0,-1.0,-1.0,-1.0,1,605
10,10,4,115,162,30,0.56,250,230,40,0,-1.0,-1.0,-1.0,1,610
10,15,4,136,138,40,0.59,255,225,30,1,0.59,0.68,0.71,1,615
10,20,4,155,161,26,0.49,260,220,45,1,0.6,0.77,0.71,1,620
10,25,4,103,160,31,0.48,265,215,25,0,-1.0,-1.0,-1.0,1,625
10,30,4,104,160,28,0.51,270,210,25,1,0.63,0.68,0.68,0,630
10,35,4,103,167,29,0.61,275,205,50,1,0.61,0.71,0.74,0,635
10,40,4,103,163,33,0.58,280,200,50,1,0.68,0.77,0.73,1,640
10,45,4,118,163,28,0.51,285,195,25,1,0.68,0.77,0.68,0,645
10,50,4,106,157,32,0.48,290,190,5,1,0.67,0.8,0.66,0,650
10,55,4,116,154,33,0.55,295,185,50,1,0.58,0.73,0.73,1,655
11,0,4,151,128,23,0.59,300,180,25,1,0.58,0.55,0.61,1,660
11,5,4,150,111,25,0.7,305,175,30,1,0.57,0.56,0.58,1,665
11,10,4,167,108,30,0.7,310,170,45,1,0.55,0.68,0.6,1,670
11,15,4,156,118,29,0.58,315,165,15,1,0.44,0.6,0.52,1,675
11,20,4,168,95,26,0.59,320,160,50,0,-1.0,-1.0,-1.0,1,680
11,25,4,192,97,24,0.64,325,155,10,1,0.42,0.58,0.56,1,685
11,30,4,153,118,19,0.59,330,150,10,1,0.5,0.57,0.56,1,690
11,35,4,151,118,29,0.57,335,145,25,1,0.53,0.65,0.59,1,695
11,40,4,178,139,16,0.55,340,140,25,1,0.53,0.62,0.55,1,700
11,45,4,196,139,24,0.61,345,135,45,0,-1.0,-1.0,-1.0,1,705
11,50,4,103,130,25,0.5,350,130,60,1,0.61,0.67,0.64,1,710
11,55,4,150,156,32,0.45,355,125,40,0,-1.0,-1.0,-1.0,0,715
12,0,4,144,151,35,0.5,360,120,25,1,0.59,0.67,0.73,1,720
12,5,4,64,199,43,0.31,365,115,55,0,-1.0,-1.0,-1.0,1,725
12,10,4,108,184,40,0.38,370,110,55,0,-1.0,-1.0,-1.0,1,730
12,15,4,117,160,33,0.46,375,105,50,1,0.59,0.66,0.68,0,735
12,20,4,134,147,40,0.47,380,100,30,1,0.69,0.66,0.69,1,740
12,25,4,104,133,27,0.57,385,95,55,0,-1.0,-1.0,-1.0,1,745
12,30,4,111,153,39,0.51,390,90,30,1,0.59,0.69,0.69,1,750
12,35,4,154,164,39,0.54,395,85,35,1,0.68,0.71,0.69,1,755
12,40,4,65,177,58,0.42,400,80,30,0,-1.0,-1.0,-1.0,1,760
12,45,4,126,160,37,0.5,405,75,55,1,0.56,0.74,0.73,1,765
12,50,4,130,149,36,0.65,410,70,40,1,0.65,0.76,0.7,1,770
12,55,4,137,161,28,0.51,415,65,60,1,0.65,0.78,0.63,1,775
13,0,4,188,140,30,0.58,420,60,30,0,-1.0,-1.0,-1.0,1,780
13,5,4,200,129,21,0.62,425,55,40,1,0.46,0.67,0.6,1,785
13,10,4,169,119,23,0.58,430,50,55,1,0.42,0.58,0.53,1,790
13,15,4,162,125,19,0.73,435,45,25,1,0.46,0.68,0.52,1,795
13,20,4,152,128,17,0.76,440,40,15,1,0.6,0.67,0.58,1,800
13,25,4,205,111,24,0.75,445,35,20,0,-1.0,-1.0,-1.0,1,805
13,30,4,162,118,18,0.61,450,30,45,0,-1.0,-1.0,-1.0,1,810
13,35,4,106,206,56,0.26,455,25,20,0,-1.0,-1.0,-1.0,1,815
13,40,4,145,102,22,0.65,460,20,25,0,-1.0,-1.0,-1.0,1,820
13,45,4,150,114,28,0.55,465,15,35,1,0.52,0.69,0.52,1,825
13,50,4,104,135,26,0.61,470,10,30,1,0.67,0.73,0.69,1,830
13,55,4,100,147,28,0.56,475,5,5,1,0.65,0.67,0.68,0,835
13,0,5,69,189,50,0.38,0,480,50,0,-1.0,-1.0,-1.0,0,780
13,5,5,198,120,21,0.67,5,475,30,1,0.5,0.59,0.64,0,785
13,10,5,175,132,18,0.67,10,470,55,0,-1.0,-1.0,-1.0,0,790
13,15,5,181,96,28,0.62,15,465,60,0,-1.0,-1.0,-1.0,0,795
13,20,5,147,130,27,0.56,20,460,25,1,0.47,0.59,0.51,0,800
13,25,5,188,133,30,0.64,25,455,35,1,0.46,0.65,0.54,0,805
13,30,5,155,132,23,0.66,30,450,25,0,-1.0,-1.0,-1.0,0,810
13,35,5,188,122,27,0.76,35,445,10,1,0.59,0.58,0.65,0,815
13,40,5,147,99,16,0.61,40,440,5,0,-1.0,-1.0,-1.0,0,820
13,45,5,189,114,25,0.69,45,435,50,0,-1.0,-1.0,-1.0,0,825
13,50,5,70,199,46,0.43,50,430,25,0,-1.0,-1.0,-1.0,0,830
13,55,5,105,150,30,0.6,55,425,20,1,0.61,0.76,0.72,1,835
14,0,5,223,86,14,0.84,60,420,40,1,0.46,0.57,0.51,0,840
14,5,5,235,90,9,0.85,65,415,60,1,0.43,0.59,0.52,0,845
14,10,5,226,91,11,0.88,70,410,15,0,-1.0,-1.0,-1.0,0,850
14,15,5,209,94,15,0.89,75,405,5,1,0.47,0.51,0.5,0,855
14,20,5,191,90,10,0.87,80,400,45,1,0.42,0.57,0.52,0,860
14,25,5,240,81,12,0.77,85,395,30,0,-1.0,-1.0,-1.0,0,865
14,30,5,200,91,11,0.78,90,390,50,1,0.48,0.53,0.46,0,870
14,35,5,238,94,12,0.85,95,385,45,1,0.42,0.51,0.46,0,875
14,40,5,194,84,15,0.78,100,380,35,1,0.47,0.64,0.48,0,880
14,45,5,241,88,16,0.82,105,375,35,1,0.48,0.64,0.48,1,885
14,50,5,126,147,25,0.61,110,370,60,1,0.63,0.74,0.73,1,890
14,55,5,127,142,27,0.55,115,365,5,0,-1.0,-1.0,-1.0,0,895
15,0,5,159,142,36,0.5,120,360,45,1,0.65,0.76,0.73,0,900
15,5,5,130,151,37,0.56,125,355,25,1,0.58,0.79,0.72,0,905
15,10,5,153,133,39,0.54,130,350,35,1,0.6,0.69,0.66,0,910
15,15,5,137,166,31,0.45,135,345,35,1,0.67,0.67,0.67,0,915
15,20,5,156,150,37,0.6,140,340,30,1,0.66,0.66,0.67,0,920
15,25,5,146,132,28,0.64,145,335,35,1,0.58,0.7,0.67,0,925
15,30,5,132,130,38,0.46,150,330,40,1,0.6,0.77,0.69,0,930
15,35,5,134,165,33,0.53,155,325,25,1,0.68,0.74,0.66,0,935
15,40,5,152,130,30,0.58,160,320,10,1,0.66,0.68,0.63,0,940
15,45,5,149,140,38,0.55,165,315,40,1,0.61,0.78,0.74,0,945
15,50,5,152,158,30,0.51,170,310,15,1,0.59,0.78,0.73,1,950
15,55,5,130,163,27,0.54,175,305,30,0,-1.0,-1.0,-1.0,1,955
16,0,5,206,140,29,0.71,180,300,45,1,0.57,0.62,0.61,0,960
16,5,5,153,135,30,0.6,185,295,55,0,-1.0,-1.0,-1.0,0,965
16,10,5,176,110,16,0.71,190,290,60,0,-1.0,-1.0,-1.0,0,970
16,15,5,190,129,18,0.56,195,285,10,1,0.56,0.56,0.65,0,975
16,20,5,194,138,21,0.73,200,280,5,1,0.47,0.69,0.63,0,980
16,25,5,197,140,23,0.69,205,275,40,1,0.48,0.59,0.59,0,985
16,30,5,163,102,27,0.6,210,270,60,0,-1.0,-1.0,-1.0,0,990
16,35,5,155,113,17,0.68,215,265,20,1,0.5,0.59,0.57,0,995
16,40,5,159,106,28,0.62,220,260,40,1,0.53,0.59,0.61,0,1000
16,45,5,68,175,51,0.34,225,255,20,0,-1.0,-1.0,-1.0,0,1005
16,50,5,132,138,28,0.54,230,250,45,0,-1.0,-1.0,-1.0,1,1010
16,55,5,144,160,34,0.5,235,245,45,0,-1.0,-1.0,-1.0,0,1015
17,0,5,112,162,32,0.46,240,240,35,0,-1.0,-1.0,-1.0,0,1020
17,5,5,133,131,30,0.54,245,235,50,1,0.56,0.69,0.64,0,1025
17,10,5,145,160,34,0.48,250,230,60,1,0.69,0.68,0.72,0,1030
17,15,5,110,138,31,0.61,255,225,10,1,0.64,0.73,0.74,0,1035
17,20,5,126,139,34,0.51,260,220,20,1,0.66,0.72,0.69,0,1040
17,25,5,112,138,36,0.62,265,215,20,1,0.65,0.79,0.7,0,1045
17,30,5,116,151,38,0.59,270,210,25,0,-1.0,-1.0,-1.0,0,1050
17,35,5,124,145,39,0.59,275,205,50,1,0.62,0.68,0.72,0,1055
17,40,5,129,139,38,0.63,280,200,60,0,-1.0,-1.0,-1.0,0,1060
17,45,5,156,143,26,0.57,285,195,50,1,0.67,0.73,0.62,0,1065
17,50,5,154,144,37,0.55,290,190,60,1,0.63,0.77,0.71,0,1070
17,55,5,105,134,31,0.51,295,185,25,1,0.56,0.76,0.66,1,1075
18,0,5,178,117,19,0.65,300,180,55,1,0.62,0.74,0.66,0,1080
18,5,5,148,142,29,0.62,305,175,20,1,0.59,0.74,0.59,1,1085
18,10,5,168,140,26,0.69,310,170,50,1,0.61,0.61,0.67,1,1090
18,15,5,138,131,22,0.55,315,165,30,1,0.62,0.62,0.57,0,1095
18,20,5,148,129,22,0.51,320,160,15,1,0.56,0.71,0.65,0,1100
18,25,5,137,147,19,0.54,325,155,5,1,0.51,0.69,0.64,0,1105
18,30,5,136,136,21,0.56,330,150,30,0,-1.0,-1.0,-1.0,0,1110
18,35,5,67,180,44,0.28,335,145,5,0,-1.0,-1.0,-1.0,0,1115
18,40,5,144,119,30,0.62,340,140,10,0,-1.0,-1.0,-1.0,0,1120
18,45,5,160,143,30,0.54,345,135,5,1,0.49,0.66,0.65,0,1125
18,50,5,148,117,27,0.65,350,130,5,1,0.46,0.65,0.63,0,1130
18,55,5,167,129,23,0.61,355,125,20,0,-1.0,-1.0,-1.0,0,1135
19,0,5,132,127,21,0.61,360,120,20,1,0.6,0.72,0.68,0,1140
19,5,5,120,135,18,0.51,365,115,50,0,-1.0,-1.0,-1.0,0,1145
19,10,5,164,138,22,0.66,370,110,55,1,0.58,0.72,0.57,1,1150
19,15,5,76,208,51,0.3,375,105,50,0,-1.0,-1.0,-1.0,0,1155
19,20,5,88,187,40,0.28,380,100,50,0,-1.0,-1.0,-1.0,0,1160
19,25,5,166,142,31,0.52,385,95,40,0,-1.0,-1.0,-1.0,0,1165
19,30,5,180,136,23,0.62,390,90,60,1,0.65,0.7,0.55,0,1170
19,35,5,156,125,21,0.62,395,85,45,1,0.46,0.7,0.6,0,1175
19,40,5,174,124,26,0.63,400,80,15,1,0.64,0.66,0.69,0,1180
19,45,5,155,125,25,0.51,405,75,30,1,0.49,0.72,0.58,0,1185
19,50,5,132,124,29,0.62,410,70,15,1,0.53,0.63,0.57,0,1190
19,55,5,125,129,18,0.64,415,65,40,0,-1.0,-1.0,-1.0,1,1195
20,0,5,89,202,50,0.38,420,60,55,0,-1.0,-1.0,-1.0,0,1200
20,5,5,122,129,19,0.59,425,55,30,1,0.53,0.66,0.65,0,1205
20,10,5,106,210,56,0.25,430,50,40,0,-1.0,-1.0,-1.0,0,1210
20,15,5,144,124,22,0.58,435,45,50,1,0.53,0.62,0.68,1,1215
20,20,5,159,134,22,0.68,440,40,15,1,0.49,0.64,0.61,0,1220
20,25,5,124,142,30,0.59,445,35,60,1,0.61,0.73,0.69,1,1225
20,30,5,179,131,32,0.54,450,30,45,1,0.52,0.65,0.62,1,1230
20,35,5,64,187,48,0.32,455,25,35,0,-1.0,-1.0,-1.0,1,1235
20,40,5,172,138,32,0.5,460,20,60,1,0.57,0.73,0.62,0,1240
20,45,5,127,137,21,0.58,465,15,50,1,0.57,0.7,0.63,0,1245
20,50,5,163,112,20,0.64,470,10,35,1,0.62,0.61,0.62,0,1250
20,55,5,177,136,23,0.53,475,5,20,1,0.56,0.64,0.63,0,1255
18,0,6,84,199,52,0.3,0,420,25,0,-1.0,-1.0,-1.0,1,1080
18,5,6,63,207,51,0.36,5,415,25,0,-1.0,-1.0,-1.0,0,1085
18,10,6,170,126,26,0.57,10,410,45,1,0.45,0.75,0.67,0,1090
18,15,6,174,121,25,0.67,15,405,30,1,0.46,0.69,0.55,0,1095
18,20,6,129,138,19,0.51,20,400,55,0,-1.0,-1.0,-1.0,0,1100
18,25,6,149,115,18,0.63,25,395,50,1,0.55,0.61,0.59,0,1105
18,30,6,138,122,30,0.66,30,390,30,0,-1.0,-1.0,-1.0,0,1110
18,35,6,69,176,55,0.28,35,385,25,0,-1.0,-1.0,-1.0,0,1115
18,40,6,160,117,25,0.56,40,380,15,1,0.63,0.63,0.59,0,1120
18,45,6,170,124,22,0.59,45,375,45,1,0.54,0.74,0.59,0,1125
18,50,6,134,143,20,0.58,50,370,10,1,0.63,0.74,0.63,0,1130
18,55,6,148,146,20,0.51,55,365,60,1,0.58,0.68,0.57,0,1135
19,0,6,96,210,42,0.43,60,360,60,0,-1.0,-1.0,-1.0,0,1140
19,5,6,121,112,22,0.68,65,355,30,1,0.57,0.69,0.64,0,1145
19,10,6,172,124,20,0.67,70,350,60,1,0.55,0.65,0.56,0,1150
19,15,6,124,111,29,0.53,75,345,40,0,-1.0,-1.0,-1.0,0,1155
19,20,6,130,145,28,0.55,80,340,55,0,-1.0,-1.0,-1.0,0,1160
19,25,6,129,121,27,0.64,85,335,5,0,-1.0,-1.0,-1.0,1,1165
19,30,6,170,141,25,0.53,90,330,35,1,0.53,0.74,0.59,0,1170
19,35,6,70,175,41,0.27,95,325,15,0,-1.0,-1.0,-1.0,0,1175
19,40,6,180,139,29,0.56,100,320,5,1,0.64,0.63,0.56,0,1180
19,45,6,134,122,23,0.53,105,315,45,1,0.53,0.7,0.59,0,1185
19,50,6,159,110,27,0.5,110,310,15,0,-1.0,-1.0,-1.0,0,1190
19,55,6,151,141,25,0.61,115,305,45,0,-1.0,-1.0,-1.0,0,1195
20,0,6,167,148,25,0.64,120,300,30,0,-1.0,-1.0,-1.0,0,1200
20,5,6,159,125,19,0.59,125,295,10,0,-1.0,-1.0,-1.0,0,1205
20,10,6,159,110,31,0.69,130,290,30,1,0.52,0.71,0.57,0,1210
20,15,6,163,144,29,0.62,135,285,35,0,-1.0,-1.0,-1.0,0,1215
20,20,6,123,113,32,0.63,140,280,5,1,0.51,0.68,0.6,0,1220
20,25,6,145,133,21,0.66,145,275,15,1,0.59,0.68,0.6,0,1225
20,30,6,125,134,29,0.57,150,270,45,0,-1.0,-1.0,-1.0,0,1230
20,35,6,141,110,28,0.65,155,265,20,1,0.49,0.64,0.57,0,1235
20,40,6,129,144,29,0.6,160,260,45,1,0.47,0.65,0.69,0,1240
20,45,6,105,194,41,0.28,165,255,30,0,-1.0,-1.0,-1.0,0,1245
20,50,6,144,142,21,0.64,170,250,5,1,0.5,0.69,0.56,0,1250
20,55,6,135,115,32,0.69,175,245,20,1,0.58,0.63,0.64,0,1255
21,0,6,174,139,24,0.61,180,240,50,1,0.47,0.61,0.66,0,1260
21,5,6,130,140,29,0.69,185,235,5,1,0.53,0.6,0.56,0,1265
21,10,6,157,123,23,0.56,190,230,60,0,-1.0,-1.0,-1.0,0,1270
21,15,6,173,130,19,0.66,195,225,40,1,0.63,0.72,0.59,0,1275
21,20,6,175,143,30,0.53,200,220,30,1,0.47,0.65,0.63,0,1280
21,25,6,155,133,26,0.59,205,215,60,1,0.53,0.73,0.7,0,1285
21,30,6,66,190,47,0.29,210,210,60,0,-1.0,-1.0,-1.0,1,1290
21,35,6,82,197,46,0.36,215,205,60,0,-1.0,-1.0,-1.0,0,1295
21,40,6,179,111,25,0.6,220,200,20,0,-1.0,-1.0,-1.0,0,1300
21,45,6,99,176,53,0.28,225,195,55,0,-1.0,-1.0,-1.0,0,1305
21,50,6,142,150,19,0.52,230,190,30,1,0.5,0.73,0.7,1,1310
21,55,6,144,129,27,0.52,235,185,45,0,-1.0,-1.0,-1.0,0,1315
22,0,6,131,131,19,0.51,240,180,10,1,0.63,0.64,0.68,0,1320
22,5,6,139,139,30,0.66,245,175,5,1,0.53,0.68,0.65,0,1325
22,10,6,176,147,29,0.7,250,170,10,0,-1.0,-1.0,-1.0,0,1330
22,15,6,135,130,18,0.59,255,165,30,1,0.47,0.7,0.65,0,1335
22,20,6,157,116,31,0.65,260,160,60,0,-1.0,-1.0,-1.0,0,1340
22,25,6,179,130,30,0.52,265,155,60,1,0.64,0.75,0.58,0,1345
22,30,6,173,116,29,0.7,270,150,5,1,0.62,0.72,0.61,0,1350
22,35,6,175,130,21,0.67,275,145,5,0,-1.0,-1.0,-1.0,1,1355
22,40,6,152,111,23,0.64,280,140,15,1,0.61,0.7,0.58,0,1360
22,45,6,175,111,29,0.68,285,135,40,0,-1.0,-1.0,-1.0,0,1365
22,50,6,136,116,23,0.65,290,130,55,1,0.64,0.73,0.61,0,1370
22,55,6,139,140,24,0.69,295,125,15,0,-1.0,-1.0,-1.0,0,1375
23,0,6,143,142,31,0.66,300,120,40,1,0.47,0.74,0.61,0,1380
23,5,6,134,116,23,0.66,305,115,55,1,0.46,0.64,0.68,0,1385
23,10,6,156,115,19,0.65,310,110,10,1,0.49,0.67,0.6,0,1390
23,15,6,138,141,20,0.51,315,105,35,1,0.65,0.65,0.59,0,1395
23,20,6,180,143,23,0.56,320,100,15,1,0.47,0.72,0.61,0,1400
23,25,6,96,184,57,0.26,325,95,40,0,-1.0,-1.0,-1.0,0,1405
23,30,6,134,144,26,0.58,330,90,55,0,-1.0,-1.0,-1.0,0,1410
23,35,6,174,137,20,0.58,335,85,40,1,0.59,0.65,0.57,0,1415
23,40,6,146,124,20,0.52,340,80,25,0,-1.0,-1.0,-1.0,0,1420
23,45,6,154,123,31,0.51,345,75,40,1,0.65,0.64,0.68,0,1425
23,50,6,155,111,19,0.57,350,70,55,0,-1.0,-1.0,-1.0,0,1430
23,55,6,134,137,31,0.68,355,65,50,0,-1.0,-1.0,-1.0,0,1435
24,0,6,123,113,29,0.56,360,60,45,1,0.47,0.71,0.59,0,1440
24,5,6,179,124,29,0.67,365,55,20,1,0.52,0.62,0.69,0,1445
24,10,6,98,190,57,0.3,370,50,25,0,-1.0,-1.0,-1.0,0,1450
24,15,6,166,142,22,0.57,375,45,15,1,0.47,0.7,0.62,0,1455
24,20,6,123,125,25,0.56,380,40,25,1,0.57,0.67,0.69,1,1460
24,25,6,163,133,31,0.5,385,35,45,1,0.64,0.63,0.64,0,1465
24,30,6,150,131,19,0.61,390,30,10,1,0.6,0.65,0.68,0,1470
24,35,6,160,110,27,0.67,395,25,30,0,-1.0,-1.0,-1.0,0,1475
24,40,6,148,120,24,0.56,400,20,20,1,0.5,0.68,0.63,0,1480
24,45,6,124,114,23,0.65,405,15,60,1,0.55,0.6,0.58,0,1485
24,50,6,124,139,20,0.54,410,10,10,1,0.63,0.62,0.7,0,1490
24,55,6,169,117,27,0.52,415,5,10,1,0.59,0.73,0.59,0,1495
7,0,0,148,146,25,0.62,0,480,55,1,0.62,0.61,0.63,0,420
7,5,0,128,149,25,0.66,5,475,15,0,-1.0,-1.0,-1.0,1,425
7,10,0,164,145,30,0.67,10,470,5,1,0.6,0.66,0.58,0,430
7,15,0,155,132,20,0.59,15,465,45,1,0.48,0.64,0.66,0,435
7,20,0,138,122,30,0.64,20,460,35,1,0.52,0.62,0.6,0,440
7,25,0,167,142,32,0.67,25,455,15,0,-1.0,-1.0,-1.0,0,445
7,30,0,142,140,19,0.67,30,450,5,1,0.65,0.65,0.67,0,450
7,35,0,125,128,28,0.59,35,445,55,1,0.46,0.62,0.62,0,455
7,40,0,127,113,18,0.58,40,440,25,0,-1.0,-1.0,-1.0,1,460
7,45,0,90,187,52,0.31,45,435,5,0,-1.0,-1.0,-1.0,1,465
7,50,0,159,118,22,0.68,50,430,50,1,0.57,0.73,0.68,0,470
7,55,0,135,118,26,0.54,55,425,10,1,0.53,0.64,0.67,0,475
8,0,0,167,128,19,0.69,60,420,25,0,-1.0,-1.0,-1.0,1,480
8,5,0,190,138,22,0.59,65,415,45,1,0.58,0.61,0.62,0,485
8,10,0,192,136,28,0.73,70,410,10,1,0.59,0.69,0.52,0,490
8,15,0,153,118,25,0.7,75,405,10,0,-1.0,-1.0,-1.0,1,495
8,20,0,162,104,18,0.75,80,400,60,1,0.52,0.57,0.51,1,500
8,25,0,168,135,16,0.57,85,395,20,0,-1.0,-1.0,-1.0,1,505
8,30,0,195,104,21,0.59,90,390,40,1,0.53,0.66,0.5,0,510
8,35,0,149,112,22,0.7,95,385,60,0,-1.0,-1.0,-1.0,1,515
8,40,0,151,96,21,0.76,100,380,20,1,0.56,0.64,0.65,0,520
8,45,0,194,139,26,0.61,105,375,15,0,-1.0,-1.0,-1.0,1,525
8,50,0,98,175,40,0.27,110,370,35,0,-1.0,-1.0,-1.0,1,530
8,55,0,131,164,37,0.57,115,365,50,0,-1.0,-1.0,-1.0,1,535
9,0,0,209,89,11,0.76,120,360,15,1,0.49,0.63,0.55,0,540
9,5,0,211,76,16,0.84,125,355,50,0,-1.0,-1.0,-1.0,1,545
9,10,0,224,88,11,0.79,130,350,30,1,0.41,0.58,0.47,1,550
9,15,0,238,75,12,0.78,135,345,5,1,0.48,0.52,0.53,0,555
9,20,0,193,94,10,0.76,140,340,60,1,0.47,0.57,0.5,1,560
9,25,0,228,85,13,0.88,145,335,25,1,0.37,0.51,0.53,1,565
9,30,0,224,75,11,0.81,150,330,50,1,0.49,0.64,0.53,1,570
9,35,0,202,87,15,0.83,155,325,60,0,-1.0,-1.0,-1.0,1,575
9,40,0,206,95,11,0.81,160,320,15,1,0.36,0.52,0.47,1,580
9,45,0,225,84,14,0.84,165,315,35,1,0.43,0.65,0.5,1,585
9,50,0,118,160,26,0.55,170,310,60,1,0.69,0.75,0.64,1,590
9,55,0,103,150,31,0.6,175,305,20,1,0.64,0.73,0.73,0,595
10,0,0,121,141,36,0.64,180,300,5,1,0.59,0.74,0.69,0,600
10,5,0,110,155,39,0.56,185,295,25,0,-1.0,-1.0,-1.0,1,605
10,10,0,103,149,29,0.5,190,290,10,1,0.63,0.75,0.74,0,610
10,15,0,160,165,26,0.56,195,285,35,1,0.68,0.7,0.68,0,615
10,20,0,131,152,27,0.59,200,280,50,1,0.67,0.67,0.73,0,620
10,25,0,139,148,27,0.65,205,275,55,1,0.62,0.75,0.74,1,625
10,30,0,119,154,29,0.49,210,270,10,0,-1.0,-1.0,-1.0,0,630
10,35,0,105,156,38,0.51,215,265,35,0,-1.0,-1.0,-1.0,1,635
10,40,0,105,158,26,0.48,220,260,55,1,0.59,0.66,0.65,0,640
10,45,0,152,162,40,0.55,225,255,5,1,0.67,0.74,0.7,0,645
10,50,0,113,150,29,0.48,230,250,35,1,0.65,0.71,0.71,0,650
10,55,0,148,157,40,0.54,235,245,55,1,0.63,0.75,0.71,1,655
11,0,0,181,134,29,0.6,240,240,50,1,0.55,0.59,0.61,0,660
11,5,0,170,132,16,0.71,245,235,20,0,-1.0,-1.0,-1.0,1,665
11,10,0,160,99,18,0.75,250,230,5,1,0.42,0.63,0.64,0,670
11,15,0,209,99,24,0.62,255,225,60,1,0.41,0.68,0.65,1,675
11,20,0,209,140,23,0.58,260,220,55,1,0.5,0.65,0.62,1,680
11,25,0,152,95,26,0.78,265,215,30,1,0.58,0.68,0.52,1,685
11,30,0,159,135,30,0.55,270,210,30,1,0.44,0.63,0.58,1,690
11,35,0,207,128,22,0.63,275,205,45,0,-1.0,-1.0,-1.0,0,695
11,40,0,60,180,54,0.27,280,200,45,0,-1.0,-1.0,-1.0,1,700
11,45,0,185,97,25,0.64,285,195,40,1,0.51,0.67,0.61,1,705
11,50,0,118,131,27,0.49,290,190,30,0,-1.0,-1.0,-1.0,1,710
11,55,0,107,131,28,0.54,295,185,25,1,0.57,0.68,0.68,0,715
12,0,0,116,154,34,0.52,300,180,25,1,0.68,0.74,0.64,0,720
12,5,0,116,163,25,0.48,305,175,35,0,-1.0,-1.0,-1.0,1,725
12,10,0,77,206,55,0.33,310,170,60,0,-1.0,-1.0,-1.0,1,730
12,15,0,137,169,40,0.6,315,165,15,1,0.63,0.74,0.62,1,735
12,20,0,116,159,28,0.59,320,160,30,0,-1.0,-1.0,-1.0,1,740
12,25,0,125,142,27,0.52,325,155,55,1,0.67,0.71,0.66,1,745
12,30,0,154,162,34,0.55,330,150,10,0,-1.0,-1.0,-1.0,1,750
12,35,0,126,145,30,0.46,335,145,50,1,0.62,0.76,0.69,1,755
12,40,0,82,170,56,0.36,340,140,20,0,-1.0,-1.0,-1.0,1,760
12,45,0,149,151,32,0.54,345,135,40,1,0.66,0.74,0.72,0,765
12,50,0,153,135,30,0.48,350,130,35,1,0.57,0.77,0.64,1,770
12,55,0,71,199,53,0.31,355,125,15,0,-1.0,-1.0,-1.0,1,775
13,0,0,161,123,26,0.56,360,120,60,1,0.42,0.59,0.59,1,780
13,5,0,159,100,16,0.76,365,115,5,1,0.59,0.61,0.51,1,785
13,10,0,163,136,19,0.67,370,110,60,1,0.41,0.68,0.51,1,790
13,15,0,200,108,18,0.74,375,105,55,1,0.43,0.64,0.51,1,795
13,20,0,210,99,30,0.62,380,100,45,0,-1.0,-1.0,-1.0,1,800
13,25,0,157,137,30,0.65,385,95,15,1,0.5,0.58,0.52,1,805
13,30,0,151,107,18,0.7,390,90,5,1,0.52,0.68,0.55,1,810
13,35,0,94,182,41,0.43,395,85,25,0,-1.0,-1.0,-1.0,1,815
13,40,0,151,112,18,0.74,400,80,60,1,0.49,0.58,0.64,1,820
13,45,0,175,110,20,0.68,405,75,25,0,-1.0,-1.0,-1.0,1,825
13,50,0,130,131,28,0.49,410,70,60,1,0.61,0.67,0.67,1,830
13,55,0,111,142,36,0.63,415,65,40,1,0.63,0.68,0.74,1,835
14,0,0,244,85,11,0.89,420,60,5,1,0.43,0.55,0.47,1,840
14,5,0,225,94,11,0.8,425,55,30,1,0.38,0.56,0.49,1,845
14,10,0,214,85,14,0.89,430,50,30,1,0.43,0.62,0.51,1,850
14,15,0,224,79,11,0.86,435,45,15,0,-1.0,-1.0,-1.0,1,855
14,20,0,201,75,9,0.84,440,40,5,0,-1.0,-1.0,-1.0,1,860
14,25,0,237,85,9,0.82,445,35,5,1,0.39,0.64,0.5,1,865
14,30,0,194,89,12,0.8,450,30,55,1,0.44,0.56,0.56,0,870
14,35,0,217,89,10,0.87,455,25,55,1,0.48,0.58,0.46,1,875
14,40,0,227,95,10,0.83,460,20,40,0,-1.0,-1.0,-1.0,1,880
14,45,0,234,95,16,0.88,465,15,25,1,0.36,0.53,0.6,1,885
14,50,0,157,157,36,0.58,470,10,50,0,-1.0,-1.0,-1.0,1,890
14,55,0,153,167,32,0.47,475,5,25,1,0.67,0.66,0.62,1,895
9,0,1,228,78,9,0.85,0,480,15,0,-1.0,-1.0,-1.0,1,540
9,5,1,218,81,13,0.88,5,475,10,0,-1.0,-1.0,-1.0,1,545
9,10,1,199,84,10,0.9,10,470,55,1,0.44,0.64,0.59,1,550
9,15,1,244,77,13,0.75,15,465,60,1,0.41,0.54,0.47,1,555
9,20,1,190,80,9,0.81,20,460,35,1,0.4,0.57,0.49,0,560
9,25,1,194,87,10,0.79,25,455,55,0,-1.0,-1.0,-1.0,1,565
9,30,1,236,78,10,0.81,30,450,25,0,-1.0,-1.0,-1.0,1,570
9,35,1,235,87,12,0.82,35,445,40,1,0.49,0.59,0.49,1,575
9,40,1,245,90,12,0.8,40,440,45,1,0.44,0.59,0.45,1,580
9,45,1,228,93,11,0.87,45,435,30,0,-1.0,-1.0,-1.0,0,585
9,50,1,124,134,29,0.59,50,430,25,1,0.67,0.65,0.64,0,590
9,55,1,116,168,25,0.6,55,425,20,0,-1.0,-1.0,-1.0,1,595
10,0,1,137,158,34,0.47,60,420,50,1,0.64,0.66,0.67,0,600
10,5,1,131,166,33,0.47,65,415,10,1,0.6,0.66,0.69,1,605
10,10,1,131,150,27,0.62,70,410,45,0,-1.0,-1.0,-1.0,1,610
10,15,1,129,157,25,0.61,75,405,20,1,0.64,0.72,0.65,0,615
10,20,1,115,145,39,0.65,80,400,30,1,0.68,0.7,0.63,0,620
10,25,1,136,153,25,0.5,85,395,10,1,0.56,0.66,0.66,1,625
10,30,1,107,150,32,0.47,90,390,25,1,0.67,0.72,0.67,0,630
10,35,1,155,152,31,0.54,95,385,30,1,0.69,0.71,0.72,1,635
10,40,1,130,158,28,0.54,100,380,60,1,0.6,0.69,0.62,1,640
10,45,1,125,153,33,0.49,105,375,15,1,0.59,0.78,0.68,0,645
10,50,1,115,164,30,0.57,110,370,5,1,0.57,0.73,0.72,0,650
10,55,1,126,150,37,0.51,115,365,25,1,0.63,0.79,0.69,0,655
11,0,1,142,95,17,0.69,120,360,45,0,-1.0,-1.0,-1.0,1,660
11,5,1,182,127,30,0.74,125,355,60,1,0.57,0.67,0.63,1,665
11,10,1,159,95,25,0.75,130,350,20,0,-1.0,-1.0,-1.0,1,670
11,15,1,149,112,29,0.56,135,345,30,0,-1.0,-1.0,-1.0,1,675
11,20,1,157,96,29,0.62,140,340,40,1,0.56,0.6,0.59,0,680
11,25,1,91,193,49,0.33,145,335,10,0,-1.0,-1.0,-1.0,1,685
11,30,1,176,108,27,0.6,150,330,15,1,0.43,0.56,0.58,1,690
11,35,1,188,137,21,0.74,155,325,60,1,0.49,0.57,0.55,1,695
11,40,1,76,201,43,0.39,160,320,20,0,-1.0,-1.0,-1.0,1,700
11,45,1,141,136,20,0.63,165,315,25,0,-1.0,-1.0,-1.0,1,705
11,50,1,110,155,33,0.57,170,310,25,0,-1.0,-1.0,-1.0,0,710
11,55,1,148,159,32,0.55,175,305,35,0,-1.0,-1.0,-1.0,1,715
12,0,1,117,163,29,0.51,180,300,5,1,0.59,0.72,0.75,0,720
12,5,1,126,163,32,0.45,185,295,15,1,0.56,0.72,0.64,0,725
12,10,1,138,152,26,0.57,190,290,20,1,0.59,0.73,0.67,0,730
12,15,1,124,145,28,0.51,195,285,5,1,0.6,0.78,0.71,0,735
12,20,1,123,149,28,0.62,200,280,60,1,0.58,0.8,0.66,0,740
12,25,1,104,153,40,0.54,205,275,25,0,-1.0,-1.0,-1.0,1,745
12,30,1,127,161,37,0.53,210,270,60,1,0.61,0.69,0.74,1,750
12,35,1,129,154,32,0.49,215,265,60,1,0.64,0.75,0.72,0,755
12,40,1,145,163,28,0.48,220,260,30,1,0.63,0.66,0.71,0,760
12,45,1,119,153,30,0.56,225,255,60,1,0.64,0.72,0.66,0,765
12,50,1,88,207,57,0.44,230,250,15,0,-1.0,-1.0,-1.0,0,770
12,55,1,126,165,25,0.57,235,245,50,1,0.62,0.71,0.68,0,775
13,0,1,188,118,20,0.67,240,240,45,1,0.55,0.57,0.56,1,780
13,5,1,183,135,25,0.57,245,235,10,1,0.41,0.64,0.51,0,785
13,10,1,181,106,20,0.6,250,230,20,1,0.41,0.66,0.62,0,790
13,15,1,191,103,16,0.65,255,225,40,0,-1.0,-1.0,-1.0,1,795
13,20,1,154,112,23,0.75,260,220,55,1,0.42,0.56,0.61,1,800
13,25,1,175,103,23,0.76,265,215,35,1,0.42,0.66,0.63,1,805
13,30,1,161,113,23,0.63,270,210,55,1,0.47,0.55,0.56,1,810
13,35,1,88,175,40,0.28,275,205,10,0,-1.0,-1.0,-1.0,1,815
13,40,1,143,115,23,0.59,280,200,30,1,0.44,0.65,0.59,0,820
13,45,1,192,122,16,0.68,285,195,40,1,0.57,0.58,0.5,1,825
13,50,1,120,133,30,0.49,290,190,10,1,0.6,0.76,0.7,0,830
13,55,1,131,155,25,0.46,295,185,10,1,0.59,0.76,0.68,0,835
14,0,1,200,93,14,0.89,300,180,5,1,0.45,0.6,0.52,0,840
14,5,1,222,80,13,0.84,305,175,5,1,0.49,0.54,0.57,1,845
14,10,1,242,83,15,0.86,310,170,10,0,-1.0,-1.0,-1.0,1,850
14,15,1,226,81,12,0.86,315,165,25,0,-1.0,-1.0,-1.0,1,855
14,20,1,208,95,10,0.8,320,160,50,1,0.35,0.61,0.59,1,860
14,25,1,228,85,16,0.78,325,155,25,0,-1.0,-1.0,-1.0,1,865
14,30,1,200,86,16,0.87,330,150,15,0,-1.0,-1.0,-1.0,1,870
14,35,1,194,83,14,0.82,335,145,5,1,0.44,0.61,0.56,1,875
14,40,1,219,76,12,0.76,340,140,45,1,0.44,0.51,0.48,1,880
14,45,1,216,81,13,0.8,345,135,45,1,0.46,0.56,0.49,1,885
14,50,1,156,170,38,0.63,350,130,20,1,0.63,0.72,0.74,1,890
14,55,1,123,154,25,0.55,355,125,5,1,0.65,0.76,0.74,1,895
15,0,1,132,134,37,0.62,360,120,30,1,0.55,0.74,0.67,1,900
15,5,1,134,167,36,0.64,365,115,60,1,0.64,0.66,0.69,1,905
15,10,1,113,153,35,0.58,370,110,30,1,0.68,0.69,0.69,0,910
15,15,1,112,137,28,0.46,375,105,10,0,-1.0,-1.0,-1.0,0,915
15,20,1,147,130,30,0.46,380,100,15,1,0.63,0.8,0.67,0,920
15,25,1,160,158,40,0.6,385,95,5,0,-1.0,-1.0,-1.0,1,925
15,30,1,108,164,37,0.59,390,90,20,1,0.64,0.66,0.74,0,930
15,35,1,107,167,33,0.46,395,85,45,1,0.63,0.72,0.67,1,935
15,40,1,140,160,30,0.62,400,80,30,0,-1.0,-1.0,-1.0,1,940
15,45,1,158,160,27,0.62,405,75,30,1,0.6,0.78,0.64,1,945
15,50,1,108,158,39,0.49,410,70,35,1,0.62,0.73,0.73,0,950
15,55,1,129,162,36,0.46,415,65,55,1,0.66,0.66,0.69,1,955
16,0,1,206,123,24,0.69,420,60,40,1,0.5,0.66,0.55,1,960
16,5,1,143,122,24,0.74,425,55,60,0,-1.0,-1.0,-1.0,1,965
16,10,1,178,138,17,0.65,430,50,5,0,-1.0,-1.0,-1.0,1,970
16,15,1,85,186,58,0.3,435,45,30,0,-1.0,-1.0,-1.0,1,975
16,20,1,158,112,21,0.61,440,40,5,0,-1.0,-1.0,-1.0,1,980
16,25,1,163,98,22,0.56,445,35,50,1,0.54,0.68,0.5,1,985
16,30,1,141,106,20,0.63,450,30,10,0,-1.0,-1.0,-1.0,0,990
16,35,1,205,125,18,0.66,455,25,25,0,-1.0,-1.0,-1.0,1,995
16,40,1,183,109,22,0.55,460,20,5,1,0.45,0.67,0.51,1,1000
16,45,1,76,180,47,0.32,465,15,45,0,-1.0,-1.0,-1.0,1,1005
16,50,1,108,138,35,0.61,470,10,50,1,0.61,0.7,0.63,1,1010
16,55,1,154,133,26,0.53,475,5,55,1,0.66,0.67,0.66,1,1015
10,0,2,158,149,32,0.48,0,480,30,0,-1.0,-1.0,-1.0,1,600
10,5,2,136,151,39,0.45,5,475,25,0,-1.0,-1.0,-1.0,1,605
10,10,2,106,170,39,0.5,10,470,5,1,0.68,0.75,0.64,0,610
10,15,2,112,140,25,0.62,15,465,50,1,0.66,0.65,0.65,0,615
10,20,2,136,168,35,0.58,20,460,50,1,0.66,0.79,0.7,1,620
10,25,2,157,142,38,0.6,25,455,25,1,0.59,0.72,0.63,1,625
10,30,2,130,140,35,0.51,30,450,20,1,0.63,0.69,0.67,0,630
10,35,2,114,149,40,0.55,35,445,60,1,0.64,0.7,0.69,0,635
10,40,2,137,140,32,0.6,40,440,10,1,0.61,0.8,0.72,0,640
10,45,2,159,142,26,0.52,45,435,60,1,0.6,0.72,0.72,1,645
10,50,2,118,141,34,0.5,50,430,60,1,0.55,0.74,0.71,0,650
10,55,2,107,131,32,0.62,55,425,10,1,0.57,0.79,0.64,0,655
11,0,2,179,139,26,0.59,60,420,35,1,0.45,0.61,0.57,0,660
11,5,2,165,97,17,0.6,65,415,15,1,0.41,0.68,0.6,0,665
11,10,2,193,95,28,0.7,70,410,60,1,0.6,0.55,0.53,1,670
11,15,2,153,135,16,0.7,75,405,35,1,0.47,0.56,0.59,1,675
11,20,2,194,111,26,0.66,80,400,60,1,0.52,0.6,0.63,1,680
11,25,2,167,130,21,0.62,85,395,30,1,0.42,0.58,0.59,0,685
11,30,2,207,110,16,0.59,90,390,45,1,0.57,0.61,0.55,0,690
11,35,2,180,95,20,0.75,95,385,10,0,-1.0,-1.0,-1.0,1,695
11,40,2,185,126,26,0.64,100,380,40,0,-1.0,-1.0,-1.0,1,700
11,45,2,185,102,25,0.64,105,375,50,0,-1.0,-1.0,-1.0,1,705
11,50,2,110,136,34,0.46,110,370,55,1,0.57,0.72,0.65,0,710
11,55,2,144,158,31,0.45,115,365,55,1,0.65,0.69,0.63,0,715
12,0,2,135,131,25,0.53,120,360,35,0,-1.0,-1.0,-1.0,1,720
12,5,2,133,164,25,0.64,125,355,5,1,0.64,0.79,0.66,1,725
12,10,2,112,166,28,0.65,130,350,50,1,0.65,0.65,0.66,0,730
12,15,2,100,135,26,0.55,135,345,10,0,-1.0,-1.0,-1.0,1,735
12,20,2,111,151,32,0.63,140,340,15,1,0.55,0.66,0.66,0,740
12,25,2,109,152,29,0.56,145,335,5,1,0.64,0.78,0.67,0,745
12,30,2,82,171,54,0.44,150,330,55,0,-1.0,-1.0,-1.0,1,750
12,35,2,158,144,32,0.59,155,325,5,1,0.68,0.73,0.75,0,755
12,40,2,145,153,33,0.64,160,320,30,1,0.63,0.77,0.65,0,760
12,45,2,141,169,37,0.58,165,315,55,1,0.62,0.77,0.62,0,765
12,50,2,101,132,35,0.51,170,310,50,1,0.65,0.7,0.68,0,770
12,55,2,134,157,31,0.51,175,305,60,0,-1.0,-1.0,-1.0,1,775
13,0,2,102,177,43,0.29,180,300,30,0,-1.0,-1.0,-1.0,1,780
13,5,2,168,108,21,0.75,185,295,35,1,0.51,0.6,0.58,1,785
13,10,2,149,123,16,0.61,190,290,25,1,0.53,0.64,0.56,0,790
13,15,2,168,105,28,0.63,195,285,20,0,-1.0,-1.0,-1.0,0,795
13,20,2,205,118,18,0.7,200,280,35,1,0.47,0.68,0.56,1,800
13,25,2,190,96,27,0.61,205,275,15,0,-1.0,-1.0,-1.0,1,805
13,30,2,206,102,27,0.61,210,270,35,0,-1.0,-1.0,-1.0,0,810
13,35,2,199,102,18,0.59,215,265,55,1,0.4,0.59,0.64,1,815
13,40,2,150,112,29,0.74,220,260,10,0,-1.0,-1.0,-1.0,0,820
13,45,2,146,129,29,0.66,225,255,15,0,-1.0,-1.0,-1.0,1,825
13,50,2,110,139,38,0.49,230,250,40,1,0.66,0.76,0.65,0,830
13,55,2,129,145,39,0.55,235,245,35,0,-1.0,-1.0,-1.0,1,835
14,0,2,198,76,15,0.76,240,240,55,1,0.49,0.51,0.48,1,840
14,5,2,235,95,13,0.84,245,235,5,1,0.38,0.51,0.46,1,845
14,10,2,243,89,9,0.79,250,230,55,0,-1.0,-1.0,-1.0,1,850
14,15,2,228,91,13,0.86,255,225,35,0,-1.0,-1.0,-1.0,1,855
14,20,2,221,94,11,0.86,260,220,20,1,0.47,0.59,0.49,1,860
14,25,2,210,80,15,0.85,265,215,50,1,0.47,0.58,0.46,1,865
14,30,2,238,91,16,0.77,270,210,20,1,0.5,0.64,0.55,1,870
14,35,2,244,92,14,0.77,275,205,25,1,0.43,0.59,0.5,1,875
14,40,2,234,79,9,0.87,280,200,5,1,0.46,0.62,0.59,1,880
14,45,2,207,85,14,0.8,285,195,25,1,0.5,0.6,0.55,1,885
14,50,2,144,149,38,0.59,290,190,25,1,0.68,0.67,0.71,0,890
14,55,2,115,150,40,0.47,295,185,40,1,0.69,0.66,0.72,1,895
15,0,2,122,147,39,0.59,300,180,60,1,0.59,0.66,0.73,1,900
15,5,2,151,162,34,0.57,305,175,40,1,0.55,0.69,0.68,1,905
15,10,2,122,133,31,0.64,310,170,35,1,0.61,0.7,0.72,0,910
15,15,2,153,156,25,0.64,315,165,35,1,0.66,0.78,0.69,0,915
15,20,2,122,157,37,0.64,320,160,60,0,-1.0,-1.0,-1.0,1,920
15,25,2,107,166,27,0.46,325,155,35,1,0.69,0.78,0.66,0,925
15,30,2,128,162,35,0.51,330,150,25,0,-1.0,-1.0,-1.0,1,930
15,35,2,109,162,29,0.54,335,145,10,1,0.65,0.73,0.63,0,935
15,40,2,141,148,35,0.61,340,140,20,1,0.62,0.69,0.69,1,940
15,45,2,139,140,29,0.59,345,135,60,1,0.67,0.79,0.66,1,945
15,50,2,115,164,35,0.65,350,130,30,0,-1.0,-1.0,-1.0,1,950
15,55,2,144,160,39,0.63,355,125,50,1,0.55,0.7,0.62,1,955
16,0,2,158,130,30,0.62,360,120,45,1,0.57,0.68,0.61,1,960
16,5,2,60,194,50,0.37,365,115,45,0,-1.0,-1.0,-1.0,1,965
16,10,2,170,104,22,0.61,370,110,15,1,0.58,0.67,0.6,1,970
16,15,2,187,97,24,0.72,375,105,40,1,0.43,0.56,0.54,1,975
16,20,2,169,122,18,0.64,380,100,25,1,0.45,0.55,0.57,1,980
16,25,2,101,174,40,0.35,385,95,40,0,-1.0,-1.0,-1.0,1,985
16,30,2,167,117,18,0.58,390,90,50,1,0.48,0.65,0.61,1,990
16,35,2,179,132,29,0.68,395,85,10,1,0.52,0.62,0.59,1,995
16,40,2,169,101,26,0.66,400,80,30,1,0.46,0.66,0.64,1,1000
16,45,2,193,123,30,0.66,405,75,35,1,0.57,0.6,0.63,1,1005
16,50,2,100,149,38,0.52,410,70,5,1,0.67,0.78,0.67,0,1010
16,55,2,136,151,35,0.6,415,65,45,1,0.7,0.69,0.72,1,1015
17,0,2,134,135,36,0.59,420,60,40,1,0.68,0.66,0.63,1,1020
17,5,2,149,159,37,0.55,425,55,40,0,-1.0,-1.0,-1.0,1,1025
17,10,2,102,161,28,0.59,430,50,55,0,-1.0,-1.0,-1.0,1,1030
17,15,2,78,199,43,0.28,435,45,5,0,-1.0,-1.0,-1.0,1,1035
17,20,2,87,176,40,0.35,440,40,10,0,-1.0,-1.0,-1.0,0,1040
17,25,2,154,167,33,0.54,445,35,10,1,0.66,0.67,0.62,0,1045
17,30,2,116,134,38,0.53,450,30,40,0,-1.0,-1.0,-1.0,1,1050
17,35,2,132,164,38,0.54,455,25,50,1,0.57,0.66,0.68,1,1055
17,40,2,116,155,29,0.6,460,20,15,1,0.56,0.79,0.65,0,1060
17,45,2,151,132,26,0.58,465,15,25,0,-1.0,-1.0,-1.0,1,1065
17,50,2,121,144,37,0.63,470,10,35,1,0.57,0.76,0.7,1,1070
17,55,2,104,170,30,0.62,475,5,35,0,-1.0,-1.0,-1.0,1,1075
8,0,3,67,175,47,0.32,0,540,45,0,-1.0,-1.0,-1.0,1,480
8,5,3,195,106,24,0.64,5,535,60,0,-1.0,-1.0,-1.0,1,485
8,10,3,178,108,30,0.62,10,530,40,0,-1.0,-1.0,-1.0,1,490
8,15,3,162,100,18,0.55,15,525,25,1,0.53,0.6,0.58,1,495
8,20,3,81,201,56,0.41,20,520,20,0,-1.0,-1.0,-1.0,1,500
8,25,3,206,100,20,0.65,25,515,25,1,0.57,0.58,0.65,0,505
8,30,3,157,125,25,0.67,30,510,25,1,0.48,0.57,0.56,0,510
8,35,3,148,109,19,0.56,35,505,35,1,0.52,0.67,0.52,0,515
8,40,3,88,200,47,0.25,40,500,5,0,-1.0,-1.0,-1.0,1,520
8,45,3,193,131,30,0.58,45,495,10,0,-1.0,-1.0,-1.0,1,525
8,50,3,155,139,27,0.47,50,490,35,1,0.56,0.78,0.74,0,530
8,55,3,115,137,26,0.58,55,485,20,1,0.67,0.8,0.66,0,535
9,0,3,225,80,13,0.88,60,480,40,0,-1.0,-1.0,-1.0,1,540
9,5,3,218,89,9,0.78,65,475,50,0,-1.0,-1.0,-1.0,1,545
9,10,3,233,84,15,0.86,70,470,20,1,0.4,0.61,0.6,1,550
9,15,3,192,86,15,0.89,75,465,45,0,-1.0,-1.0,-1.0,1,555
9,20,3,221,84,10,0.87,80,460,15,1,0.4,0.51,0.47,1,560
9,25,3,199,79,10,0.77,85,455,20,1,0.47,0.64,0.47,0,565
9,30,3,236,87,12,0.83,90,450,55,1,0.43,0.51,0.6,1,570
9,35,3,197,84,13,0.78,95,445,15,1,0.42,0.64,0.48,0,575
9,40,3,244,78,14,0.83,100,440,30,1,0.43,0.55,0.55,1,580
9,45,3,243,82,9,0.79,105,435,30,1,0.47,0.63,0.57,1,585
9,50,3,157,136,29,0.57,110,430,30,0,-1.0,-1.0,-1.0,1,590
9,55,3,135,130,29,0.6,115,425,30,1,0.56,0.76,0.68,0,595
10,0,3,100,148,29,0.64,120,420,50,1,0.62,0.75,0.73,0,600
10,5,3,125,143,34,0.46,125,415,40,0,-1.0,-1.0,-1.0,1,605
10,10,3,156,152,28,0.47,130,410,35,0,-1.0,-1.0,-1.0,1,610
10,15,3,150,143,31,0.65,135,405,40,0,-1.0,-1.0,-1.0,1,615
10,20,3,133,132,40,0.48,140,400,60,1,0.63,0.68,0.69,0,620
10,25,3,108,164,34,0.55,145,395,60,1,0.6,0.71,0.63,0,625
10,30,3,119,145,27,0.57,150,390,50,0,-1.0,-1.0,-1.0,1,630
10,35,3,155,169,35,0.49,155,385,5,0,-1.0,-1.0,-1.0,1,635
10,40,3,133,137,27,0.55,160,380,35,0,-1.0,-1.0,-1.0,1,640
10,45,3,160,152,36,0.47,165,375,15,0,-1.0,-1.0,-1.0,1,645
10,50,3,126,157,28,0.56,170,370,10,1,0.55,0.77,0.68,0,650
10,55,3,134,135,26,0.5,175,365,20,0,-1.0,-1.0,-1.0,1,655
11,0,3,79,187,55,0.34,180,360,5,0,-1.0,-1.0,-1.0,1,660
11,5,3,169,136,27,0.56,185,355,10,1,0.43,0.56,0.54,0,665
11,10,3,208,120,25,0.69,190,350,10,1,0.45,0.56,0.64,1,670
11,15,3,175,100,26,0.67,195,345,15,1,0.55,0.6,0.54,0,675
11,20,3,168,138,22,0.74,200,340,10,0,-1.0,-1.0,-1.0,1,680
11,25,3,203,134,26,0.77,205,335,20,1,0.47,0.56,0.65,1,685
11,30,3,196,140,17,0.6,210,330,25,1,0.45,0.65,0.57,1,690
11,35,3,145,129,18,0.64,215,325,15,0,-1.0,-1.0,-1.0,1,695
11,40,3,151,100,29,0.61,220,320,20,1,0.45,0.64,0.62,0,700
11,45,3,153,119,19,0.75,225,315,10,0,-1.0,-1.0,-1.0,0,705
11,50,3,105,153,25,0.56,230,310,60,1,0.68,0.69,0.67,0,710
11,55,3,122,153,38,0.47,235,305,30,1,0.55,0.76,0.65,0,715
12,0,3,100,148,26,0.58,240,300,15,1,0.69,0.74,0.64,0,720
12,5,3,124,161,35,0.58,245,295,30,1,0.67,0.79,0.63,0,725
12,10,3,141,137,27,0.6,250,290,20,1,0.65,0.72,0.68,0,730
12,15,3,117,131,27,0.5,255,285,50,0,-1.0,-1.0,-1.0,1,735
12,20,3,147,164,27,0.57,260,280,35,0,-1.0,-1.0,-1.0,1,740
12,25,3,158,137,33,0.58,265,275,30,1,0.57,0.69,0.64,1,745
12,30,3,76,184,46,0.42,270,270,20,0,-1.0,-1.0,-1.0,1,750
12,35,3,154,147,35,0.49,275,265,40,1,0.65,0.75,0.7,0,755
12,40,3,64,192,54,0.25,280,260,20,0,-1.0,-1.0,-1.0,1,760
12,45,3,151,161,34,0.49,285,255,60,1,0.58,0.79,0.73,1,765
12,50,3,136,170,35,0.55,290,250,60,1,0.65,0.8,0.65,1,770
12,55,3,151,145,32,0.57,295,245,50,0,-1.0,-1.0,-1.0,1,775
13,0,3,209,100,28,0.56,300,240,20,1,0.45,0.67,0.57,1,780
13,5,3,189,96,18,0.56,305,235,60,0,-1.0,-1.0,-1.0,1,785
13,10,3,108,202,52,0.28,310,230,5,0,-1.0,-1.0,-1.0,1,790
13,15,3,163,97,22,0.73,315,225,25,1,0.52,0.64,0.59,1,795
13,20,3,152,137,22,0.57,320,220,15,0,-1.0,-1.0,-1.0,1,800
13,25,3,100,178,40,0.31,325,215,5,0,-1.0,-1.0,-1.0,1,805
13,30,3,152,99,19,0.56,330,210,45,0,-1.0,-1.0,-1.0,0,810
13,35,3,81,174,55,0.32,335,205,20,0,-1.0,-1.0,-1.0,1,815
13,40,3,177,121,28,0.75,340,200,55,1,0.41,0.67,0.54,1,820
13,45,3,199,140,19,0.59,345,195,55,1,0.54,0.59,0.65,1,825
13,50,3,155,155,25,0.54,350,190,60,1,0.66,0.74,0.69,0,830
13,55,3,153,160,38,0.64,355,185,10,0,-1.0,-1.0,-1.0,1,835
14,0,3,210,83,14,0.8,360,180,35,1,0.41,0.63,0.51,1,840
14,5,3,216,79,15,0.88,365,175,10,0,-1.0,-1.0,-1.0,1,845
14,10,3,231,81,9,0.87,370,170,30,1,0.37,0.65,0.5,1,850
14,15,3,227,81,12,0.77,375,165,20,1,0.38,0.57,0.58,1,855
14,20,3,235,75,13,0.9,380,160,60,1,0.43,0.6,0.5,1,860
14,25,3,234,78,16,0.87,385,155,55,1,0.44,0.62,0.47,1,865
14,30,3,213,90,13,0.87,390,150,30,1,0.39,0.64,0.53,1,870
14,35,3,220,95,9,0.87,395,145,50,0,-1.0,-1.0,-1.0,1,875
14,40,3,227,90,15,0.76,400,140,15,0,-1.0,-1.0,-1.0,1,880
14,45,3,204,92,14,0.82,405,135,45,0,-1.0,-1.0,-1.0,1,885
14,50,3,114,140,26,0.59,410,130,45,1,0.69,0.66,0.68,0,890
14,55,3,133,164,40,0.48,415,125,10,1,0.55,0.78,0.72,0,895
15,0,3,109,132,34,0.53,420,120,15,1,0.68,0.77,0.65,0,900
15,5,3,159,170,29,0.62,425,115,15,1,0.59,0.75,0.65,1,905
15,10,3,107,147,37,0.46,430,110,45,0,-1.0,-1.0,-1.0,0,910
15,15,3,148,167,26,0.62,435,105,45,0,-1.0,-1.0,-1.0,1,915
15,20,3,128,162,36,0.46,440,100,10,1,0.56,0.74,0.7,0,920
15,25,3,108,162,31,0.45,445,95,5,1,0.67,0.7,0.64,1,925
15,30,3,125,138,27,0.45,450,90,45,1,0.65,0.77,0.65,0,930
15,35,3,104,140,30,0.52,455,85,55,0,-1.0,-1.0,-1.0,1,935
15,40,3,105,138,38,0.55,460,80,20,0,-1.0,-1.0,-1.0,0,940
15,45,3,137,140,33,0.64,465,75,50,1,0.61,0.66,0.65,1,945
15,50,3,148,131,27,0.5,470,70,25,1,0.58,0.72,0.71,0,950
15,55,3,135,157,28,0.65,475,65,25,1,0.62,0.72,0.68,1,955
16,0,3,157,139,17,0.55,480,60,50,0,-1.0,-1.0,-1.0,1,960
16,5,3,149,100,19,0.74,485,55,60,1,0.49,0.58,0.51,1,965
16,10,3,147,129,20,0.73,490,50,20,1,0.54,0.64,0.62,1,970
16,15,3,86,181,41,0.41,495,45,10,0,-1.0,-1.0,-1.0,1,975
16,20,3,156,115,26,0.56,500,40,40,1,0.46,0.58,0.64,1,980
16,25,3,179,140,26,0.67,505,35,30,1,0.44,0.65,0.57,0,985
16,30,3,152,126,30,0.68,510,30,25,1,0.55,0.63,0.58,1,990
16,35,3,167,103,20,0.7,515,25,50,1,0.47,0.63,0.61,1,995
16,40,3,163,108,27,0.68,520,20,60,1,0.53,0.58,0.6,1,1000
16,45,3,205,125,29,0.61,525,15,50,1,0.56,0.66,0.56,1,1005
16,50,3,126,149,28,0.58,530,10,35,0,-1.0,-1.0,-1.0,1,1010
16,55,3,65,198,44,0.36,535,5,5,0,-1.0,-1.0,-1.0,1,1015
6,0,4,120,124,26,0.56,0,480,45,1,0.58,0.6,0.6,1,360
6,5,4,167,147,24,0.6,5,475,30,0,-1.0,-1.0,-1.0,1,365
6,10,4,179,113,18,0.52,10,470,35,1,0.59,0.7,0.69,0,370
6,15,4,127,128,25,0.62,15,465,40,1,0.53,0.68,0.65,0,375
6,20,4,177,149,27,0.64,20,460,50,1,0.55,0.73,0.58,1,380
6,25,4,130,127,20,0.57,25,455,60,1,0.57,0.62,0.56,0,385
6,30,4,125,130,25,0.66,30,450,60,1,0.49,0.64,0.68,1,390
6,35,4,166,138,20,0.57,35,445,20,0,-1.0,-1.0,-1.0,1,395
6,40,4,166,125,31,0.65,40,440,60,0,-1.0,-1.0,-1.0,1,400
6,45,4,141,133,26,0.65,45,435,5,1,0.64,0.67,0.56,0,405
6,50,4,141,127,23,0.57,50,430,45,1,0.51,0.69,0.6,0,410
6,55,4,171,135,28,0.56,55,425,50,1,0.52,0.65,0.66,1,415
7,0,4,135,119,27,0.58,60,420,35,1,0.56,0.73,0.66,0,420
7,5,4,169,134,19,0.7,65,415,5,1,0.59,0.64,0.61,0,425
7,10,4,154,141,30,0.67,70,410,25,1,0.48,0.69,0.67,0,430
7,15,4,77,210,41,0.44,75,405,50,0,-1.0,-1.0,-1.0,1,435
7,20,4,153,122,19,0.65,80,400,10,1,0.48,0.68,0.66,0,440
7,25,4,128,118,21,0.69,85,395,5,1,0.49,0.69,0.62,1,445
7,30,4,143,113,31,0.61,90,390,5,1,0.56,0.73,0.6,0,450
7,35,4,156,118,30,0.6,95,385,5,0,-1.0,-1.0,-1.0,1,455
7,40,4,133,138,31,0.59,100,380,20,1,0.63,0.62,0.61,0,460
7,45,4,169,119,21,0.67,105,375,35,1,0.49,0.66,0.64,0,465
7,50,4,107,174,46,0.41,110,370,20,0,-1.0,-1.0,-1.0,0,470
7,55,4,152,115,25,0.57,115,365,50,0,-1.0,-1.0,-1.0,1,475
8,0,4,197,115,29,0.77,120,360,35,1,0.41,0.64,0.59,1,480
8,5,4,173,139,20,0.59,125,355,50,1,0.57,0.64,0.56,1,485
8,10,4,208,136,23,0.7,130,350,10,0,-1.0,-1.0,-1.0,1,490
8,15,4,94,179,41,0.29,135,345,25,0,-1.0,-1.0,-1.0,1,495
8,20,4,163,107,23,0.59,140,340,35,1,0.55,0.69,0.63,0,500
8,25,4,151,99,25,0.68,145,335,30,1,0.51,0.62,0.52,1,505
8,30,4,141,126,28,0.56,150,330,55,1,0.59,0.64,0.53,1,510
8,35,4,165,110,21,0.56,155,325,60,1,0.54,0.57,0.64,0,515
8,40,4,58,194,44,0.37,160,320,30,0,-1.0,-1.0,-1.0,1,520
8,45,4,200,110,22,0.72,165,315,5,1,0.42,0.65,0.53,0,525
8,50,4,140,158,40,0.52,170,310,55,1,0.55,0.76,0.69,1,530
8,55,4,119,168,27,0.51,175,305,35,0,-1.0,-1.0,-1.0,1,535
9,0,4,221,87,11,0.9,180,300,35,0,-1.0,-1.0,-1.0,1,540
9,5,4,217,92,10,0.83,185,295,25,0,-1.0,-1.0,-1.0,1,545
9,10,4,222,77,12,0.8,190,290,40,0,-1.0,-1.0,-1.0,0,550
9,15,4,216,82,10,0.81,195,285,30,0,-1.0,-1.0,-1.0,1,555
9,20,4,215,92,12,0.81,200,280,10,1,0.37,0.51,0.54,1,560
9,25,4,233,92,11,0.79,205,275,55,1,0.49,0.58,0.52,1,565
9,30,4,207,95,10,0.78,210,270,55,1,0.37,0.51,0.47,1,570
9,35,4,192,93,12,0.83,215,265,20,0,-1.0,-1.0,-1.0,1,575
9,40,4,195,76,13,0.83,220,260,30,1,0.45,0.52,0.46,1,580
9,45,4,219,79,10,0.83,225,255,35,1,0.5,0.55,0.58,1,585
9,50,4,148,148,39,0.48,230,250,45,0,-1.0,-1.0,-1.0,1,590
9,55,4,155,165,27,0.48,235,245,35,1,0.64,0.77,0.69,0,595
10,0,4,134,161,35,0.64,240,240,15,1,0.65,0.66,0.71,0,600
10,5,4,142,149,36,0.48,245,235,45,0,-1.0,-1.0,-1.0,1,605
10,10,4,147,156,26,0.45,250,230,25,1,0.58,0.74,0.64,0,610
10,15,4,116,149,38,0.45,255,225,20,1,0.6,0.68,0.66,0,615
10,20,4,121,148,40,0.54,260,220,35,1,0.62,0.76,0.64,1,620
10,25,4,150,147,39,0.46,265,215,40,1,0.66,0.79,0.75,0,625
10,30,4,147,162,26,0.63,270,210,20,1,0.62,0.74,0.75,0,630
10,35,4,124,132,25,0.61,275,205,50,1,0.66,0.77,0.73,0,635
10,40,4,127,159,31,0.52,280,200,40,1,0.61,0.73,0.67,1,640
10,45,4,123,151,31,0.61,285,195,30,1,0.57,0.79,0.63,0,645
10,50,4,114,152,33,0.55,290,190,45,0,-1.0,-1.0,-1.0,1,650
10,55,4,158,165,32,0.52,295,185,25,1,0.55,0.74,0.73,1,655
11,0,4,185,132,27,0.6,300,180,50,0,-1.0,-1.0,-1.0,1,660
11,5,4,109,204,44,0.45,305,175,30,0,-1.0,-1.0,-1.0,1,665
11,10,4,151,113,25,0.67,310,170,40,1,0.55,0.67,0.58,1,670
11,15,4,157,116,20,0.65,315,165,5,1,0.53,0.65,0.53,0,675
11,20,4,197,118,24,0.64,320,160,10,1,0.52,0.66,0.59,1,680
11,25,4,201,108,24,0.58,325,155,60,0,-1.0,-1.0,-1.0,1,685
11,30,4,195,136,28,0.66,330,150,15,1,0.45,0.61,0.56,1,690
11,35,4,182,105,27,0.58,335,145,20,1,0.44,0.66,0.65,1,695
11,40,4,60,189,50,0.35,340,140,50,0,-1.0,-1.0,-1.0,1,700
11,45,4,165,118,17,0.64,345,135,60,1,0.5,0.58,0.63,1,705
11,50,4,115,167,30,0.45,350,130,40,0,-1.0,-1.0,-1.0,1,710
11,55,4,113,130,28,0.63,355,125,20,1,0.66,0.79,0.63,0,715
12,0,4,155,150,27,0.62,360,120,40,1,0.59,0.67,0.71,1,720
12,5,4,136,155,37,0.65,365,115,5,1,0.59,0.67,0.65,1,725
12,10,4,145,165,27,0.45,370,110,15,1,0.59,0.67,0.66,0,730
12,15,4,154,162,31,0.56,375,105,25,1,0.62,0.72,0.62,1,735
12,20,4,138,135,38,0.46,380,100,5,1,0.61,0.65,0.75,0,740
12,25,4,102,166,40,0.56,385,95,5,1,0.69,0.72,0.68,0,745
12,30,4,72,174,53,0.28,390,90,15,0,-1.0,-1.0,-1.0,1,750
12,35,4,113,145,34,0.51,395,85,45,1,0.57,0.7,0.64,1,755
12,40,4,130,141,26,0.52,400,80,35,0,-1.0,-1.0,-1.0,0,760
12,45,4,140,157,39,0.49,405,75,10,0,-1.0,-1.0,-1.0,1,765
12,50,4,119,132,32,0.45,410,70,45,0,-1.0,-1.0,-1.0,1,770
12,55,4,107,173,42,0.42,415,65,20,0,-1.0,-1.0,-1.0,1,775
13,0,4,199,131,27,0.75,420,60,20,1,0.49,0.56,0.56,1,780
13,5,4,57,186,46,0.33,425,55,20,0,-1.0,-1.0,-1.0,1,785
13,10,4,162,109,22,0.72,430,50,40,0,-1.0,-1.0,-1.0,1,790
13,15,4,180,111,18,0.75,435,45,45,0,-1.0,-1.0,-1.0,1,795
13,20,4,180,126,22,0.56,440,40,55,1,0.53,0.6,0.65,1,800
13,25,4,196,117,18,0.64,445,35,35,1,0.57,0.69,0.65,1,805
13,30,4,154,134,27,0.6,450,30,10,1,0.47,0.65,0.52,1,810
13,35,4,185,98,17,0.55,455,25,5,1,0.49,0.61,0.6,1,815
13,40,4,84,194,49,0.42,460,20,50,0,-1.0,-1.0,-1.0,1,820
13,45,4,188,98,21,0.57,465,15,35,0,-1.0,-1.0,-1.0,1,825
13,50,4,79,193,51,0.25,470,10,60,0,-1.0,-1.0,-1.0,1,830
13,55,4,154,134,36,0.57,475,5,40,1,0.63,0.67,0.67,1,835
13,0,5,187,120,30,0.74,0,480,10,0,-1.0,-1.0,-1.0,0,780
13,5,5,59,177,40,0.43,5,475,50,0,-1.0,-1.0,-1.0,0,785
13,10,5,187,102,29,0.57,10,470,35,0,-1.0,-1.0,-1.0,0,790
13,15,5,104,171,55,0.26,15,465,15,0,-1.0,-1.0,-1.0,0,795
13,20,5,183,99,23,0.61,20,460,30,1,0.46,0.61,0.53,0,800
13,25,5,158,138,17,0.67,25,455,55,0,-1.0,-1.0,-1.0,0,805
13,30,5,160,117,28,0.65,30,450,35,1,0.42,0.68,0.63,0,810
13,35,5,65,195,40,0.4,35,445,50,0,-1.0,-1.0,-1.0,0,815
13,40,5,204,109,22,0.73,40,440,25,0,-1.0,-1.0,-1.0,0,820
13,45,5,158,95,20,0.67,45,435,30,1,0.46,0.69,0.52,0,825
13,50,5,134,151,28,0.62,50,430,55,1,0.63,0.73,0.71,0,830
13,55,5,100,151,35,0.46,55,425,25,1,0.57,0.78,0.72,0,835
14,0,5,213,91,14,0.79,60,420,40,1,0.47,0.58,0.54,0,840
14,5,5,202,88,13,0.77,65,415,40,1,0.5,0.6,0.46,0,845
14,10,5,200,87,12,0.8,70,410,20,1,0.44,0.52,0.57,0,850
14,15,5,224,78,13,0.81,75,405,40,1,0.5,0.57,0.59,0,855
14,20,5,195,82,11,0.85,80,400,10,0,-1.0,-1.0,-1.0,0,860
14,25,5,229,76,11,0.88,85,395,50,0,-1.0,-1.0,-1.0,0,865
14,30,5,224,94,15,0.76,90,390,5,1,0.47,0.57,0.54,0,870
14,35,5,224,85,16,0.8,95,385,55,1,0.37,0.63,0.51,0,875
14,40,5,210,87,11,0.88,100,380,35,1,0.4,0.62,0.52,0,880
14,45,5,218,88,15,0.77,105,375,20,1,0.41,0.62,0.51,0,885
14,50,5,116,159,39,0.62,110,370,40,1,0.68,0.76,0.73,0,890
14,55,5,158,163,39,0.59,115,365,40,1,0.61,0.66,0.73,0,895
15,0,5,102,138,35,0.51,120,360,60,0,-1.0,-1.0,-1.0,0,900
15,5,5,156,154,31,0.53,125,355,60,1,0.65,0.67,0.63,1,905
15,10,5,104,165,37,0.61,130,350,15,1,0.6,0.74,0.75,1,910
15,15,5,128,166,27,0.58,135,345,55,0,-1.0,-1.0,-1.0,0,915
15,20,5,143,132,35,0.57,140,340,40,1,0.59,0.76,0.67,0,920
15,25,5,110,131,30,0.53,145,335,25,0,-1.0,-1.0,-1.0,0,925
15,30,5,137,144,31,0.55,150,330,25,1,0.69,0.78,0.64,0,930
15,35,5,108,139,29,0.56,155,325,5,1,0.64,0.74,0.69,0,935
15,40,5,107,149,31,0.58,160,320,55,1,0.66,0.76,0.67,0,940
15,45,5,156,136,32,0.5,165,315,10,0,-1.0,-1.0,-1.0,0,945
15,50,5,110,160,34,0.62,170,310,10,1,0.67,0.68,0.73,0,950
15,55,5,153,152,39,0.55,175,305,40,0,-1.0,-1.0,-1.0,1,955
16,0,5,202,126,16,0.57,180,300,30,1,0.52,0.67,0.62,0,960
16,5,5,198,140,21,0.75,185,295,60,1,0.49,0.69,0.63,0,965
16,10,5,155,138,28,0.68,190,290,25,0,-1.0,-1.0,-1.0,0,970
16,15,5,200,113,20,0.63,195,285,35,0,-1.0,-1.0,-1.0,0,975
16,20,5,91,200,43,0.29,200,280,50,0,-1.0,-1.0,-1.0,0,980
16,25,5,185,112,25,0.62,205,275,55,0,-1.0,-1.0,-1.0,0,985
16,30,5,187,109,22,0.63,210,270,35,1,0.57,0.61,0.64,0,990
16,35,5,162,132,16,0.65,215,265,10,0,-1.0,-1.0,-1.0,0,995
16,40,5,163,125,16,0.67,220,260,45,1,0.44,0.6,0.61,0,1000
16,45,5,181,107,18,0.57,225,255,30,1,0.6,0.67,0.59,0,1005
16,50,5,152,147,27,0.59,230,250,55,1,0.64,0.69,0.71,0,1010
16,55,5,112,138,38,0.55,235,245,30,1,0.62,0.75,0.74,0,1015
17,0,5,108,156,29,0.55,240,240,30,0,-1.0,-1.0,-1.0,0,1020
17,5,5,125,156,33,0.57,245,235,40,0,-1.0,-1.0,-1.0,0,1025
17,10,5,151,138,33,0.53,250,230,60,0,-1.0,-1.0,-1.0,0,1030
17,15,5,147,166,36,0.5,255,225,45,1,0.66,0.76,0.68,0,1035
17,20,5,116,132,39,0.52,260,220,40,0,-1.0,-1.0,-1.0,1,1040
17,25,5,140,142,27,0.61,265,215,40,1,0.68,0.71,0.66,0,1045
17,30,5,108,166,34,0.64,270,210,30,1,0.63,0.78,0.74,0,1050
17,35,5,147,165,40,0.54,275,205,5,1,0.68,0.69,0.73,0,1055
17,40,5,149,159,30,0.61,280,200,10,1,0.69,0.71,0.65,0,1060
17,45,5,140,160,34,0.58,285,195,10,1,0.68,0.77,0.62,0,1065
17,50,5,116,169,39,0.51,290,190,25,1,0.65,0.75,0.66,0,1070
17,55,5,103,196,54,0.31,295,185,15,0,-1.0,-1.0,-1.0,0,1075
18,0,5,132,117,29,0.69,300,180,30,1,0.49,0.66,0.6,0,1080
18,5,5,167,144,31,0.6,305,175,5,0,-1.0,-1.0,-1.0,1,1085
18,10,5,161,123,26,0.58,310,170,50,1,0.6,0.64,0.6,0,1090
18,15,5,178,111,27,0.67,315,165,5,1,0.53,0.72,0.67,0,1095
18,20,5,134,133,21,0.61,320,160,45,1,0.55,0.66,0.66,0,1100
18,25,5,155,147,32,0.53,325,155,50,1,0.58,0.75,0.68,0,1105
18,30,5,88,190,47,0.44,330,150,10,0,-1.0,-1.0,-1.0,0,1110
18,35,5,156,135,20,0.62,335,145,35,1,0.58,0.71,0.62,0,1115
18,40,5,141,122,29,0.68,340,140,15,0,-1.0,-1.0,-1.0,0,1120
18,45,5,128,113,19,0.59,345,135,50,0,-1.0,-1.0,-1.0,1,1125
18,50,5,137,126,19,0.6,350,130,45,1,0.48,0.61,0.68,0,1130
18,55,5,179,146,30,0.64,355,125,40,1,0.65,0.68,0.58,0,1135
19,0,5,136,140,32,0.56,360,120,55,1,0.63,0.6,0.68,0,1140
19,5,5,178,131,27,0.6,365,115,25,1,0.48,0.71,0.66,0,1145
19,10,5,172,118,21,0.69,370,110,15,1,0.47,0.75,0.56,0,1150
19,15,5,179,113,28,0.59,375,105,50,1,0.49,0.69,0.64,0,1155
19,20,5,132,139,29,0.51,380,100,25,1,0.64,0.67,0.61,0,1160
19,25,5,145,115,18,0.65,385,95,10,1,0.47,0.67,0.67,0,1165
19,30,5,121,120,24,0.59,390,90,45,1,0.6,0.61,0.61,0,1170
19,35,5,146,113,25,0.67,395,85,55,0,-1.0,-1.0,-1.0,0,1175
19,40,5,151,143,19,0.61,400,80,30,0,-1.0,-1.0,-1.0,0,1180
19,45,5,142,111,28,0.62,405,75,15,1,0.62,0.73,0.64,0,1185
19,50,5,131,138,30,0.64,410,70,30,1,0.55,0.71,0.59,0,1190
19,55,5,132,114,31,0.7,415,65,30,0,-1.0,-1.0,-1.0,0,1195
20,0,5,154,115,23,0.61,420,60,55,1,0.53,0.7,0.68,0,1200
20,5,5,149,110,26,0.67,425,55,40,1,0.63,0.67,0.6,0,1205
20,10,5,177,149,23,0.61,430,50,50,1,0.52,0.72,0.69,0,1210
20,15,5,76,178,41,0.29,435,45,60,0,-1.0,-1.0,-1.0,0,1215
20,20,5,146,131,29,0.63,440,40,35,0,-1.0,-1.0,-1.0,0,1220
20,25,5,90,187,53,0.34,445,35,50,0,-1.0,-1.0,-1.0,0,1225
20,30,5,63,194,43,0.36,450,30,5,0,-1.0,-1.0,-1.0,0,1230
20,35,5,129,115,24,0.52,455,25,25,1,0.52,0.63,0.61,0,1235
20,40,5,160,139,22,0.69,460,20,20,0,-1.0,-1.0,-1.0,0,1240
20,45,5,136,126,31,0.56,465,15,45,0,-1.0,-1.0,-1.0,0,1245
20,50,5,168,128,32,0.68,470,10,55,1,0.57,0.73,0.64,0,1250
20,55,5,172,117,31,0.53,475,5,20,0,-1.0,-1.0,-1.0,0,1255
18,0,6,145,147,21,0.65,0,420,50,0,-1.0,-1.0,-1.0,0,1080
18,5,6,134,114,27,0.56,5,415,5,0,-1.0,-1.0,-1.0,1,1085
18,10,6,177,116,18,0.69,10,410,60,0,-1.0,-1.0,-1.0,0,1090
18,15,6,157,145,18,0.64,15,405,60,1,0.62,0.64,0.65,0,1095
18,20,6,125,133,29,0.65,20,400,25,1,0.45,0.69,0.58,0,1100
18,25,6,128,114,25,0.69,25,395,10,1,0.48,0.69,0.57,0,1105
18,30,6,138,141,24,0.65,30,390,55,1,0.61,0.66,0.63,0,1110
18,35,6,78,183,54,0.41,35,385,45,0,-1.0,-1.0,-1.0,0,1115
18,40,6,138,144,26,0.68,40,380,60,1,0.52,0.61,0.63,0,1120
18,45,6,163,146,28,0.55,45,375,50,1,0.48,0.74,0.62,0,1125
18,50,6,175,139,32,0.55,50,370,50,1,0.48,0.6,0.56,0,1130
18,55,6,130,140,21,0.68,55,365,50,1,0.46,0.6,0.57,0,1135
19,0,6,132,110,25,0.58,60,360,10,1,0.57,0.62,0.7,0,1140
19,5,6,125,114,24,0.55,65,355,20,1,0.53,0.65,0.6,0,1145
19,10,6,151,134,23,0.66,70,350,50,1,0.64,0.65,0.64,0,1150
19,15,6,153,133,23,0.58,75,345,10,1,0.63,0.71,0.57,0,1155
19,20,6,172,144,29,0.7,80,340,10,1,0.61,0.66,0.56,0,1160
19,25,6,108,190,46,0.36,85,335,35,0,-1.0,-1.0,-1.0,0,1165
19,30,6,134,128,21,0.52,90,330,50,0,-1.0,-1.0,-1.0,0,1170
19,35,6,128,130,23,0.53,95,325,55,0,-1.0,-1.0,-1.0,0,1175
19,40,6,125,129,30,0.68,100,320,50,1,0.54,0.69,0.61,0,1180
19,45,6,171,128,28,0.63,105,315,50,0,-1.0,-1.0,-1.0,0,1185
19,50,6,131,147,25,0.54,110,310,45,1,0.48,0.65,0.69,0,1190
19,55,6,130,136,23,0.68,115,305,25,0,-1.0,-1.0,-1.0,0,1195
20,0,6,125,132,31,0.62,120,300,55,1,0.55,0.64,0.62,0,1200
20,5,6,169,129,21,0.6,125,295,60,1,0.54,0.69,0.68,0,1205
20,10,6,141,147,28,0.55,130,290,35,1,0.54,0.7,0.57,0,1210
20,15,6,161,133,20,0.59,135,285,30,1,0.49,0.64,0.7,0,1215
20,20,6,154,114,24,0.53,140,280,25,1,0.51,0.73,0.67,1,1220
20,25,6,173,144,30,0.6,145,275,5,1,0.57,0.62,0.64,0,1225
20,30,6,130,138,19,0.55,150,270,60,0,-1.0,-1.0,-1.0,0,1230
20,35,6,159,150,30,0.59,155,265,55,1,0.54,0.62,0.65,0,1235
20,40,6,166,114,24,0.62,160,260,60,0,-1.0,-1.0,-1.0,0,1240
20,45,6,139,140,23,0.67,165,255,20,1,0.59,0.66,0.64,0,1245
20,50,6,140,145,31,0.58,170,250,25,0,-1.0,-1.0,-1.0,0,1250
20,55,6,180,140,28,0.51,175,245,30,1,0.57,0.73,0.61,0,1255
21,0,6,58,171,54,0.3,180,240,40,0,-1.0,-1.0,-1.0,0,1260
21,5,6,121,130,31,0.51,185,235,45,1,0.52,0.72,0.65,0,1265
21,10,6,121,118,28,0.67,190,230,45,1,0.46,0.63,0.69,0,1270
21,15,6,177,112,27,0.67,195,225,50,0,-1.0,-1.0,-1.0,0,1275
21,20,6,136,135,19,0.61,200,220,35,0,-1.0,-1.0,-1.0,0,1280
21,25,6,133,124,32,0.55,205,215,15,1,0.57,0.74,0.61,0,1285
21,30,6,138,129,21,0.66,210,210,35,1,0.55,0.62,0.64,1,1290
21,35,6,139,110,25,0.65,215,205,35,1,0.59,0.65,0.63,0,1295
21,40,6,155,115,26,0.56,220,200,60,1,0.55,0.67,0.58,0,1300
21,45,6,154,129,25,0.69,225,195,60,1,0.59,0.7,0.68,0,1305
21,50,6,144,149,32,0.65,230,190,30,0,-1.0,-1.0,-1.0,0,1310
21,55,6,69,175,42,0.28,235,185,35,0,-1.0,-1.0,-1.0,0,1315
22,0,6,152,123,24,0.61,240,180,10,0,-1.0,-1.0,-1.0,0,1320
22,5,6,105,210,54,0.26,245,175,55,0,-1.0,-1.0,-1.0,0,1325
22,10,6,161,148,28,0.51,250,170,35,0,-1.0,-1.0,-1.0,0,1330
22,15,6,140,124,24,0.52,255,165,45,1,0.65,0.67,0.63,0,1335
22,20,6,160,131,29,0.65,260,160,40,1,0.45,0.62,0.58,0,1340
22,25,6,126,115,30,0.66,265,155,35,1,0.47,0.71,0.59,0,1345
22,30,6,79,210,41,0.44,270,150,15,0,-1.0,-1.0,-1.0,0,1350
22,35,6,174,122,30,0.69,275,145,50,1,0.51,0.7,0.64,1,1355
22,40,6,169,134,29,0.59,280,140,55,1,0.55,0.7,0.57,0,1360
22,45,6,135,130,31,0.57,285,135,25,1,0.63,0.64,0.61,0,1365
22,50,6,153,113,25,0.58,290,130,30,0,-1.0,-1.0,-1.0,0,1370
22,55,6,77,179,57,0.3,295,125,5,0,-1.0,-1.0,-1.0,0,1375
23,0,6,96,200,52,0.38,300,120,55,0,-1.0,-1.0,-1.0,1,1380
23,5,6,143,113,32,0.63,305,115,20,1,0.5,0.69,0.67,0,1385
23,10,6,170,122,19,0.68,310,110,30,0,-1.0,-1.0,-1.0,0,1390
23,15,6,72,182,49,0.42,315,105,30,0,-1.0,-1.0,-1.0,0,1395
23,20,6,126,113,24,0.67,320,100,30,1,0.53,0.7,0.63,0,1400
23,25,6,130,131,18,0.7,325,95,55,0,-1.0,-1.0,-1.0,0,1405
23,30,6,174,133,19,0.63,330,90,5,1,0.52,0.63,0.58,0,1410
23,35,6,175,136,21,0.69,335,85,55,1,0.57,0.68,0.68,0,1415
23,40,6,172,132,31,0.54,340,80,45,1,0.48,0.62,0.6,0,1420
23,45,6,148,143,23,0.63,345,75,15,1,0.59,0.6,0.58,0,1425
23,50,6,136,146,23,0.53,350,70,10,0,-1.0,-1.0,-1.0,0,1430
23,55,6,174,134,27,0.57,355,65,30,0,-1.0,-1.0,-1.0,0,1435
24,0,6,162,117,30,0.54,360,60,35,1,0.61,0.65,0.6,1,1440
24,5,6,128,143,28,0.6,365,55,25,1,0.5,0.61,0.67,0,1445
24,10,6,162,126,23,0.67,370,50,15,0,-1.0,-1.0,-1.0,0,1450
24,15,6,139,140,21,0.63,375,45,20,1,0.64,0.74,0.56,0,1455
24,20,6,147,110,18,0.57,380,40,55,0,-1.0,-1.0,-1.0,0,1460
24,25,6,173,130,28,0.63,385,35,35,1,0.56,0.75,0.58,0,1465
24,30,6,95,174,56,0.34,390,30,35,0,-1.0,-1.0,-1.0,0,1470
24,35,6,135,149,23,0.63,395,25,5,0,-1.0,-1.0,-1.0,0,1475
24,40,6,140,114,20,0.68,400,20,25,0,-1.0,-1.0,-1.0,0,1480
24,45,6,144,141,28,0.68,405,15,10,1,0.63,0.74,0.64,0,1485
24,50,6,162,125,28,0.66,410,10,15,1,0.58,0.63,0.69,0,1490
24,55,6,66,193,51,0.37,415,5,60,0,-1.0,-1.0,-1.0,0,1495
